Giá,Lượt bán,Hình thức,Khoảng giá,Sort_Mức_Giá
1800000,1,Bìa Cứng,>500K VNĐ,5
1656000,1,Bộ Hộp,>500K VNĐ,5
999000,15,Bìa Cứng,>500K VNĐ,5
999000,27,Bìa Cứng,>500K VNĐ,5
900000,1100,Bìa Cứng,>500K VNĐ,5
880000,15,Bìa Cứng,>500K VNĐ,5
799000,12,Bìa Cứng,>500K VNĐ,5
799000,7,Bìa Cứng,>500K VNĐ,5
795000,148,Bìa Cứng,>500K VNĐ,5
790000,16,Bìa Cứng,>500K VNĐ,5
690000,73,Bìa Cứng,>500K VNĐ,5
685000,100,Bìa Mềm,>500K VNĐ,5
680000,24,Bìa Cứng,>500K VNĐ,5
650000,64,Bìa mềm,>500K VNĐ,5
601000,233,Bộ Hộp,>500K VNĐ,5
600000,14,Bìa Mềm,>500K VNĐ,5
599000,3,Bìa Cứng,>500K VNĐ,5
599000,7,Bìa Cứng,>500K VNĐ,5
595000,15,Bìa Cứng,>500K VNĐ,5
590000,13,Bìa Cứng,>500K VNĐ,5
580000,7,Bìa Mềm,>500K VNĐ,5
561000,6,Bìa Mềm,>500K VNĐ,5
556000,2,Bìa Mềm,>500K VNĐ,5
550000,4,Bìa Mềm,>500K VNĐ,5
549000,14,Bìa Cứng,>500K VNĐ,5
537000,8,Bìa Mềm,>500K VNĐ,5
500000,3,Bìa Cứng,200-500K VNĐ,4
495000,6,Bìa Mềm,200-500K VNĐ,4
495000,108,Bìa Mềm,200-500K VNĐ,4
495000,14,Bìa Cứng,200-500K VNĐ,4
495000,20,Bìa Mềm,200-500K VNĐ,4
495000,290,Bìa Mềm,200-500K VNĐ,4
490000,358,Bìa Cứng,200-500K VNĐ,4
480000,24,Bìa Cứng,200-500K VNĐ,4
470000,208,Bìa Mềm,200-500K VNĐ,4
468000,8,Bìa Mềm,200-500K VNĐ,4
459000,20,Bìa Mềm,200-500K VNĐ,4
450000,18,Bìa Mềm,200-500K VNĐ,4
450000,2,Bìa Cứng,200-500K VNĐ,4
450000,10,Bìa Cứng,200-500K VNĐ,4
450000,238,Bìa Cứng,200-500K VNĐ,4
450000,15,Bìa Cứng,200-500K VNĐ,4
450000,272,Bìa Mềm,200-500K VNĐ,4
450000,43,Bìa Cứng,200-500K VNĐ,4
449000,67,Bìa Cứng,200-500K VNĐ,4
445000,46,Bìa Cứng,200-500K VNĐ,4
430000,245,Bìa Cứng,200-500K VNĐ,4
430000,12,Bìa Mềm,200-500K VNĐ,4
429000,11,Bìa Mềm,200-500K VNĐ,4
420000,16,Bìa Cứng,200-500K VNĐ,4
420000,14,Bìa Mềm,200-500K VNĐ,4
420000,0,Bìa Cứng,200-500K VNĐ,4
410000,137,Bìa Mềm,200-500K VNĐ,4
400000,154,Bìa mềm,200-500K VNĐ,4
399000,4,Bìa Cứng,200-500K VNĐ,4
399000,17,Bìa Mềm,200-500K VNĐ,4
399000,8,Bìa Cứng,200-500K VNĐ,4
399000,2,Bìa Mềm,200-500K VNĐ,4
399000,22,Bìa Mềm,200-500K VNĐ,4
399000,27,Bìa Mềm,200-500K VNĐ,4
399000,476,Bìa Cứng,200-500K VNĐ,4
399000,4,Bìa Cứng,200-500K VNĐ,4
399000,99,Bìa Cứng,200-500K VNĐ,4
390000,9,Bìa Mềm,200-500K VNĐ,4
390000,58,Bìa Cứng,200-500K VNĐ,4
389000,18,Bìa Mềm,200-500K VNĐ,4
380000,16,Bìa Cứng,200-500K VNĐ,4
377000,356,Bìa Mềm,200-500K VNĐ,4
375000,3,Bìa Mềm,200-500K VNĐ,4
370000,7,Bìa Cứng,200-500K VNĐ,4
370000,2,Bìa Mềm,200-500K VNĐ,4
368000,14,Bìa Mềm,200-500K VNĐ,4
368000,82,Bìa Mềm,200-500K VNĐ,4
368000,97,Bìa Mềm,200-500K VNĐ,4
360000,3,Bìa Cứng,200-500K VNĐ,4
360000,15,Bìa Cứng,200-500K VNĐ,4
360000,48,Bìa Cứng,200-500K VNĐ,4
360000,25,Bìa Cứng,200-500K VNĐ,4
358000,28,Bìa Mềm,200-500K VNĐ,4
356000,7300,Bìa Mềm,200-500K VNĐ,4
356000,223,Bìa Mềm,200-500K VNĐ,4
355000,5,Bìa Cứng,200-500K VNĐ,4
350000,203,Bìa Cứng,200-500K VNĐ,4
350000,39,Bìa Cứng,200-500K VNĐ,4
350000,155,Bìa Cứng,200-500K VNĐ,4
350000,105,Bìa Cứng,200-500K VNĐ,4
350000,234,Bìa Cứng,200-500K VNĐ,4
350000,1400,Bìa Mềm,200-500K VNĐ,4
350000,155,Bìa Mềm,200-500K VNĐ,4
350000,69,Bìa Cứng,200-500K VNĐ,4
350000,238,Bìa Cứng,200-500K VNĐ,4
350000,3,Bìa Mềm,200-500K VNĐ,4
350000,6,Bìa Cứng,200-500K VNĐ,4
350000,12,Bìa Mềm,200-500K VNĐ,4
350000,18,Bìa Mềm,200-500K VNĐ,4
350000,5,Bìa Mềm,200-500K VNĐ,4
350000,217,Bìa Mềm,200-500K VNĐ,4
349000,6,Bìa Mềm,200-500K VNĐ,4
349000,10,Bìa Cứng,200-500K VNĐ,4
345000,30,Bìa Mềm,200-500K VNĐ,4
345000,14,Bìa Mềm,200-500K VNĐ,4
345000,36,Bìa Mềm,200-500K VNĐ,4
340000,24,Bìa Mềm,200-500K VNĐ,4
339000,7,Bìa Mềm,200-500K VNĐ,4
339000,199,Bìa Mềm,200-500K VNĐ,4
338000,11,Bìa Cứng,200-500K VNĐ,4
336000,361,Bìa Mềm,200-500K VNĐ,4
335000,19,Bìa Mềm,200-500K VNĐ,4
335000,39,Bìa Mềm,200-500K VNĐ,4
335000,6,Bìa Mềm,200-500K VNĐ,4
330000,38,Bìa Mềm,200-500K VNĐ,4
330000,107,Bìa Mềm,200-500K VNĐ,4
330000,13,Bìa Cứng,200-500K VNĐ,4
330000,13,Bìa Cứng,200-500K VNĐ,4
329000,766,Bìa Mềm,200-500K VNĐ,4
325000,2300,Bìa Mềm,200-500K VNĐ,4
325000,193,Bìa Mềm,200-500K VNĐ,4
320000,9,Bìa Cứng,200-500K VNĐ,4
320000,92,Bìa Mềm,200-500K VNĐ,4
320000,131,Bìa Mềm,200-500K VNĐ,4
320000,119,Bìa Mềm,200-500K VNĐ,4
320000,14,Bìa Mềm,200-500K VNĐ,4
320000,4,Bìa Mềm,200-500K VNĐ,4
320000,49,Bìa Mềm,200-500K VNĐ,4
318000,75,Bìa Mềm,200-500K VNĐ,4
310000,80,Bìa Mềm,200-500K VNĐ,4
310000,71,Bìa Mềm,200-500K VNĐ,4
309000,9,Bìa Mềm,200-500K VNĐ,4
300000,5,Bìa Mềm,200-500K VNĐ,4
300000,100,Bìa Mềm,200-500K VNĐ,4
300000,5,Bìa Mềm,200-500K VNĐ,4
300000,18,Bìa Cứng,200-500K VNĐ,4
300000,652,Bìa Mềm,200-500K VNĐ,4
300000,13,Bìa Mềm,200-500K VNĐ,4
300000,844,Bìa Cứng,200-500K VNĐ,4
300000,550,Bìa Cứng,200-500K VNĐ,4
300000,1100,Bìa Mềm,200-500K VNĐ,4
299000,19,Bìa Mềm,200-500K VNĐ,4
299000,140,Bìa Mềm,200-500K VNĐ,4
299000,12,Bìa mềm,200-500K VNĐ,4
299000,30,Bìa Mềm,200-500K VNĐ,4
299000,11,Bìa Mềm,200-500K VNĐ,4
299000,92,Bìa Mềm,200-500K VNĐ,4
299000,151,Bìa Mềm,200-500K VNĐ,4
299000,15,Bìa Mềm,200-500K VNĐ,4
299000,69,Bìa Mềm,200-500K VNĐ,4
299000,876,Bìa Mềm,200-500K VNĐ,4
299000,6,Bìa Mềm,200-500K VNĐ,4
298000,13,Bìa Cứng,200-500K VNĐ,4
298000,80,Bìa Cứng,200-500K VNĐ,4
298000,250,Bìa Mềm,200-500K VNĐ,4
298000,173,Bìa Mềm,200-500K VNĐ,4
298000,24,Bìa Mềm,200-500K VNĐ,4
298000,341,Bìa Mềm,200-500K VNĐ,4
298000,588,Bìa Mềm,200-500K VNĐ,4
295000,27,Bìa Cứng,200-500K VNĐ,4
295000,6,Bìa Cứng,200-500K VNĐ,4
295000,24,Bìa Mềm,200-500K VNĐ,4
295000,58,Bìa Cứng,200-500K VNĐ,4
295000,2,Bìa Mềm,200-500K VNĐ,4
295000,5,Bìa Mềm,200-500K VNĐ,4
295000,39,Bìa Cứng,200-500K VNĐ,4
295000,407,Bìa Cứng,200-500K VNĐ,4
290000,14,Bìa Cứng,200-500K VNĐ,4
290000,28,Bìa Cứng,200-500K VNĐ,4
290000,25,Bìa Mềm,200-500K VNĐ,4
290000,487,Bìa Cứng,200-500K VNĐ,4
290000,40,Bìa Mềm,200-500K VNĐ,4
289000,52,Bìa Mềm,200-500K VNĐ,4
289000,41,Bìa Mềm,200-500K VNĐ,4
289000,161,Bìa Mềm,200-500K VNĐ,4
289000,28,Bìa Mềm,200-500K VNĐ,4
288000,2400,Bìa Mềm,200-500K VNĐ,4
288000,2000,Bìa Mềm,200-500K VNĐ,4
288000,15,Bìa Mềm,200-500K VNĐ,4
288000,30,Bìa Mềm,200-500K VNĐ,4
288000,80,Bìa Cứng,200-500K VNĐ,4
285000,18,Bìa Mềm,200-500K VNĐ,4
284000,0,Bìa Mềm,200-500K VNĐ,4
280000,3,Bìa Cứng,200-500K VNĐ,4
280000,5,Bìa Mềm,200-500K VNĐ,4
279000,49,Bìa Mềm,200-500K VNĐ,4
279000,32,Bìa Cứng,200-500K VNĐ,4
279000,11,Bìa Mềm,200-500K VNĐ,4
279000,36,Bìa Mềm,200-500K VNĐ,4
278000,528,Bìa Mềm,200-500K VNĐ,4
275000,93,Bìa Mềm,200-500K VNĐ,4
275000,244,Bìa Cứng,200-500K VNĐ,4
270000,8,Bìa Mềm,200-500K VNĐ,4
269000,50,Bìa Mềm,200-500K VNĐ,4
269000,235,Bìa Mềm,200-500K VNĐ,4
269000,70,Bìa Mềm,200-500K VNĐ,4
269000,42,Bìa Mềm,200-500K VNĐ,4
269000,999,Bìa Mềm,200-500K VNĐ,4
269000,47,Bìa Mềm,200-500K VNĐ,4
268000,5,Bìa Mềm,200-500K VNĐ,4
268000,557,Bìa Mềm,200-500K VNĐ,4
268000,519,Bìa Mềm,200-500K VNĐ,4
268000,550,Bìa Mềm,200-500K VNĐ,4
268000,242,Bìa Mềm,200-500K VNĐ,4
268000,860,Bìa Mềm,200-500K VNĐ,4
268000,26,Bìa Cứng,200-500K VNĐ,4
267000,98,Bìa Mềm,200-500K VNĐ,4
265000,14,Bìa Cứng,200-500K VNĐ,4
265000,18,Bìa Cứng,200-500K VNĐ,4
265000,10,Bìa Cứng,200-500K VNĐ,4
265000,31,Bìa Cứng,200-500K VNĐ,4
265000,10,Bìa Mềm,200-500K VNĐ,4
265000,417,Bìa Mềm,200-500K VNĐ,4
260000,76,Bìa Mềm,200-500K VNĐ,4
260000,81,Bìa Mềm,200-500K VNĐ,4
260000,21,Bìa Mềm,200-500K VNĐ,4
260000,775,Bìa Mềm,200-500K VNĐ,4
260000,14,Bìa Mềm,200-500K VNĐ,4
260000,97,Bìa Mềm,200-500K VNĐ,4
260000,7,Bìa Cứng,200-500K VNĐ,4
259000,37,Bìa Mềm,200-500K VNĐ,4
259000,2,Bìa Mềm,200-500K VNĐ,4
258000,3,Bìa Mềm,200-500K VNĐ,4
250000,36,Bìa Cứng,200-500K VNĐ,4
250000,710,Bìa Mềm,200-500K VNĐ,4
250000,70,Bìa Mềm,200-500K VNĐ,4
250000,0,Bìa Mềm,200-500K VNĐ,4
250000,224,Bìa Mềm,200-500K VNĐ,4
250000,48,Bìa Mềm,200-500K VNĐ,4
250000,397,Bìa Mềm,200-500K VNĐ,4
250000,553,Bìa Mềm,200-500K VNĐ,4
250000,44,Bìa Mềm,200-500K VNĐ,4
250000,2000,Bìa Cứng,200-500K VNĐ,4
250000,203,Bìa Mềm,200-500K VNĐ,4
250000,27,Bìa Cứng,200-500K VNĐ,4
250000,143,Bìa Mềm,200-500K VNĐ,4
250000,60,Bìa Mềm,200-500K VNĐ,4
250000,239,Bìa Da,200-500K VNĐ,4
250000,78,Bìa Mềm,200-500K VNĐ,4
249000,50,Bìa Mềm,200-500K VNĐ,4
249000,21,Bìa Mềm,200-500K VNĐ,4
249000,2000,Bìa Mềm,200-500K VNĐ,4
249000,35,Bìa Mềm,200-500K VNĐ,4
249000,36,Bìa Cứng,200-500K VNĐ,4
249000,20,Bìa Mềm,200-500K VNĐ,4
249000,8,Bìa Mềm,200-500K VNĐ,4
249000,181,Bìa Mềm,200-500K VNĐ,4
248000,880,Bìa Mềm,200-500K VNĐ,4
248000,79,Bìa Mềm,200-500K VNĐ,4
248000,9,Bìa Mềm,200-500K VNĐ,4
246000,152,Bìa Mềm,200-500K VNĐ,4
245000,77,Bìa Mềm,200-500K VNĐ,4
245000,81,Bìa Mềm,200-500K VNĐ,4
245000,2,Bìa Mềm,200-500K VNĐ,4
240000,13,Bìa Cứng,200-500K VNĐ,4
240000,76,Bìa Mềm,200-500K VNĐ,4
239000,31,Bìa Mềm,200-500K VNĐ,4
239000,30,Bìa Mềm,200-500K VNĐ,4
239000,19,Bìa Mềm,200-500K VNĐ,4
239000,22,Bìa Mềm,200-500K VNĐ,4
239000,57,Bìa Cứng,200-500K VNĐ,4
239000,30,Bìa Mềm,200-500K VNĐ,4
239000,100,Bìa Mềm,200-500K VNĐ,4
239000,182,Bìa Mềm,200-500K VNĐ,4
238000,327,Bìa Mềm,200-500K VNĐ,4
238000,1000,Bìa Cứng,200-500K VNĐ,4
238000,1200,Bìa Mềm,200-500K VNĐ,4
235000,26,Bìa Mềm,200-500K VNĐ,4
235000,1500,Bìa Cứng,200-500K VNĐ,4
235000,395,Bìa Mềm,200-500K VNĐ,4
235000,48,Bìa Mềm,200-500K VNĐ,4
235000,11,Bìa Cứng,200-500K VNĐ,4
235000,29,Bìa Cứng,200-500K VNĐ,4
234000,3,Bìa Mềm,200-500K VNĐ,4
230000,18,Bìa Mềm,200-500K VNĐ,4
230000,5,Bìa Cứng,200-500K VNĐ,4
230000,565,Bìa Mềm,200-500K VNĐ,4
230000,362,Bìa Mềm,200-500K VNĐ,4
230000,4,Bìa Mềm,200-500K VNĐ,4
230000,3,Bìa Cứng,200-500K VNĐ,4
229000,44,Bìa Mềm,200-500K VNĐ,4
229000,135,Bìa Mềm,200-500K VNĐ,4
229000,408,Bìa Mềm,200-500K VNĐ,4
228000,29,Bìa Mềm,200-500K VNĐ,4
228000,1900,Bìa Mềm,200-500K VNĐ,4
228000,39,Bìa Mềm,200-500K VNĐ,4
228000,2300,Bìa Mềm,200-500K VNĐ,4
225000,28,Bìa Mềm,200-500K VNĐ,4
225000,242,Bìa Mềm,200-500K VNĐ,4
225000,398,Bìa Cứng,200-500K VNĐ,4
225000,85,Bìa Mềm,200-500K VNĐ,4
225000,209,Bìa Mềm,200-500K VNĐ,4
225000,13,Bìa Mềm,200-500K VNĐ,4
220000,11,Bìa Mềm,200-500K VNĐ,4
220000,1500,Bìa Mềm,200-500K VNĐ,4
220000,660,Bìa Mềm,200-500K VNĐ,4
220000,31,Bìa Cứng,200-500K VNĐ,4
220000,10,Bìa Mềm,200-500K VNĐ,4
220000,12,Bìa Cứng,200-500K VNĐ,4
220000,220,Bìa Mềm,200-500K VNĐ,4
220000,17,Bìa Cứng,200-500K VNĐ,4
219000,5,Bìa Mềm,200-500K VNĐ,4
219000,26,Bìa Mềm,200-500K VNĐ,4
219000,69,Board Book,200-500K VNĐ,4
219000,25,Bìa Mềm,200-500K VNĐ,4
218000,81,Bìa Mềm,200-500K VNĐ,4
218000,964,Bìa Mềm,200-500K VNĐ,4
218000,109,Bìa Mềm,200-500K VNĐ,4
216000,197,Bìa Mềm,200-500K VNĐ,4
215000,84,Bìa Mềm,200-500K VNĐ,4
215000,492,Bìa Cứng,200-500K VNĐ,4
215000,1200,Bìa Mềm,200-500K VNĐ,4
215000,5,Bìa Mềm,200-500K VNĐ,4
215000,21,Bìa Mềm,200-500K VNĐ,4
215000,178,Bìa Mềm,200-500K VNĐ,4
215000,5,Bìa Mềm,200-500K VNĐ,4
210000,373,Bìa Mềm,200-500K VNĐ,4
210000,8,Bìa Cứng,200-500K VNĐ,4
210000,5,Bìa Mềm,200-500K VNĐ,4
210000,698,Bìa Mềm,200-500K VNĐ,4
209000,188,Bìa Mềm,200-500K VNĐ,4
209000,24,Bìa Mềm,200-500K VNĐ,4
209000,152,Bìa Mềm,200-500K VNĐ,4
209000,16,Bìa Mềm,200-500K VNĐ,4
209000,585,Bìa Mềm,200-500K VNĐ,4
208000,8,Bìa Mềm,200-500K VNĐ,4
208000,295,Bìa Mềm,200-500K VNĐ,4
208000,21,Bìa Mềm,200-500K VNĐ,4
208000,141,Bìa Mềm,200-500K VNĐ,4
205000,186,Bìa Mềm,200-500K VNĐ,4
205000,173,Bìa Mềm,200-500K VNĐ,4
205000,286,Bìa Mềm,200-500K VNĐ,4
205000,32,Bìa Mềm,200-500K VNĐ,4
205000,27,Bìa Mềm,200-500K VNĐ,4
205000,135,Bìa Cứng,200-500K VNĐ,4
205000,1,Bộ Hộp,200-500K VNĐ,4
200000,86,Bìa Mềm,100-200K VNĐ,3
200000,14,Bìa Mềm,100-200K VNĐ,3
200000,128,Bìa Mềm,100-200K VNĐ,3
200000,79,Bìa Cứng,100-200K VNĐ,3
200000,1700,Bìa Mềm,100-200K VNĐ,3
200000,88,Bìa Mềm,100-200K VNĐ,3
200000,557,Bìa Mềm,100-200K VNĐ,3
200000,64,Bìa Mềm,100-200K VNĐ,3
200000,621,Bìa Mềm,100-200K VNĐ,3
200000,205,Bìa Mềm,100-200K VNĐ,3
200000,10,Bìa Cứng,100-200K VNĐ,3
200000,34,Bìa Mềm,100-200K VNĐ,3
200000,26,Bìa Mềm,100-200K VNĐ,3
200000,178,Bìa Mềm,100-200K VNĐ,3
200000,113,Bìa Mềm,100-200K VNĐ,3
200000,297,Bìa Mềm,100-200K VNĐ,3
200000,54,Bìa Mềm,100-200K VNĐ,3
200000,0,Bìa Mềm,100-200K VNĐ,3
200000,28,Bìa Mềm,100-200K VNĐ,3
200000,50,Bìa Mềm,100-200K VNĐ,3
199000,31,Bìa Mềm,100-200K VNĐ,3
199000,653,Bìa Mềm,100-200K VNĐ,3
199000,1,Bìa Mềm,100-200K VNĐ,3
199000,91,Bìa Mềm,100-200K VNĐ,3
199000,161,Bìa Mềm,100-200K VNĐ,3
199000,118,Bìa Mềm,100-200K VNĐ,3
199000,27,Bìa Mềm,100-200K VNĐ,3
199000,60,Bìa Mềm,100-200K VNĐ,3
199000,3,Bìa Mềm,100-200K VNĐ,3
199000,197,Bìa Mềm,100-200K VNĐ,3
199000,647,Bìa Mềm,100-200K VNĐ,3
199000,44,Bìa Mềm,100-200K VNĐ,3
199000,4,Bìa Mềm,100-200K VNĐ,3
199000,173,Bìa Mềm,100-200K VNĐ,3
199000,515,Bìa Mềm,100-200K VNĐ,3
199000,72,Bìa Cứng,100-200K VNĐ,3
199000,18,Bìa Mềm,100-200K VNĐ,3
199000,1600,Bìa Mềm,100-200K VNĐ,3
199000,51,Bìa Mềm,100-200K VNĐ,3
199000,7,Bìa Mềm,100-200K VNĐ,3
199000,343,Bìa Mềm,100-200K VNĐ,3
199000,19,Bìa Mềm,100-200K VNĐ,3
199000,15,Bìa Mềm,100-200K VNĐ,3
198000,52,Bìa Mềm,100-200K VNĐ,3
198000,69,Bìa Mềm,100-200K VNĐ,3
198000,83,Bìa Mềm,100-200K VNĐ,3
198000,3100,Bìa Mềm,100-200K VNĐ,3
198000,8000,Bìa Mềm,100-200K VNĐ,3
198000,4,Bìa Mềm,100-200K VNĐ,3
198000,10,Bìa Mềm,100-200K VNĐ,3
198000,57,Bìa Mềm,100-200K VNĐ,3
198000,78,Bìa Mềm,100-200K VNĐ,3
198000,69,Bìa Mềm,100-200K VNĐ,3
198000,5,Bìa Mềm,100-200K VNĐ,3
198000,2500,Bìa Mềm,100-200K VNĐ,3
198000,25,Bìa Mềm,100-200K VNĐ,3
198000,49,Bìa Mềm,100-200K VNĐ,3
198000,1,Bìa Mềm,100-200K VNĐ,3
198000,18,Bìa Mềm,100-200K VNĐ,3
198000,494,Bìa Mềm,100-200K VNĐ,3
198000,18,Bìa Mềm,100-200K VNĐ,3
198000,57,Bìa Mềm,100-200K VNĐ,3
198000,195,Bìa Mềm,100-200K VNĐ,3
198000,301,Bìa Mềm,100-200K VNĐ,3
198000,49,Bìa Mềm,100-200K VNĐ,3
198000,135,Bìa Mềm,100-200K VNĐ,3
198000,284,Bìa Cứng,100-200K VNĐ,3
198000,309,Bìa Mềm,100-200K VNĐ,3
198000,257,Bìa Mềm,100-200K VNĐ,3
197000,31,Bìa Mềm,100-200K VNĐ,3
196000,1900,Bìa Cứng,100-200K VNĐ,3
196000,190,Bìa Mềm,100-200K VNĐ,3
195000,173,Bìa Mềm,100-200K VNĐ,3
195000,398,Bìa Mềm,100-200K VNĐ,3
195000,14,Bìa Mềm,100-200K VNĐ,3
195000,27,Bìa Mềm,100-200K VNĐ,3
195000,102,Bìa Mềm,100-200K VNĐ,3
195000,259,Bìa Mềm,100-200K VNĐ,3
195000,59,Bìa Mềm,100-200K VNĐ,3
195000,59,Bìa Mềm,100-200K VNĐ,3
195000,326,Bìa Mềm,100-200K VNĐ,3
195000,15,Bìa Mềm,100-200K VNĐ,3
195000,33,Bìa Mềm,100-200K VNĐ,3
195000,82,Bìa Mềm,100-200K VNĐ,3
195000,518,Bìa Mềm,100-200K VNĐ,3
192000,2,Bìa Mềm,100-200K VNĐ,3
192000,36,Bìa Mềm,100-200K VNĐ,3
192000,10,Bìa Mềm,100-200K VNĐ,3
190000,66,Bìa Mềm,100-200K VNĐ,3
190000,91,Bìa Mềm,100-200K VNĐ,3
190000,15,Bìa Mềm,100-200K VNĐ,3
190000,458,Bìa Mềm,100-200K VNĐ,3
189000,38,Bìa Mềm,100-200K VNĐ,3
189000,72,Bìa Mềm,100-200K VNĐ,3
189000,107,Bìa Mềm,100-200K VNĐ,3
189000,13,Bìa Mềm,100-200K VNĐ,3
189000,168,Bìa Mềm,100-200K VNĐ,3
189000,106,Bìa Mềm,100-200K VNĐ,3
189000,6600,Bìa Mềm,100-200K VNĐ,3
189000,1,Bìa Mềm,100-200K VNĐ,3
189000,147,Bìa Mềm,100-200K VNĐ,3
189000,136,Bìa Mềm,100-200K VNĐ,3
189000,763,Bìa Mềm,100-200K VNĐ,3
189000,14,Bìa Mềm,100-200K VNĐ,3
189000,1800,Bìa Mềm,100-200K VNĐ,3
189000,31,Bìa Mềm,100-200K VNĐ,3
189000,2000,Bìa Mềm,100-200K VNĐ,3
189000,486,Bìa Mềm,100-200K VNĐ,3
189000,133,Bìa Mềm,100-200K VNĐ,3
188000,480,Bìa Mềm,100-200K VNĐ,3
188000,92,Bìa Mềm,100-200K VNĐ,3
188000,133,Bìa Mềm,100-200K VNĐ,3
188000,1100,Bìa Mềm,100-200K VNĐ,3
188000,87,Bìa Mềm,100-200K VNĐ,3
188000,1700,Bìa Mềm,100-200K VNĐ,3
188000,2600,Bìa Mềm,100-200K VNĐ,3
188000,180,Bìa Mềm,100-200K VNĐ,3
188000,73,Bìa Mềm,100-200K VNĐ,3
188000,8,Bìa Mềm,100-200K VNĐ,3
188000,1800,Bìa Mềm,100-200K VNĐ,3
186000,5,Bìa Mềm,100-200K VNĐ,3
186000,385,Bìa Mềm,100-200K VNĐ,3
185000,11,Bìa Mềm,100-200K VNĐ,3
185000,48,Bìa Mềm,100-200K VNĐ,3
185000,13,Bìa Cứng,100-200K VNĐ,3
185000,0,Bìa Mềm,100-200K VNĐ,3
185000,61,Bìa Mềm,100-200K VNĐ,3
185000,201,Bìa Mềm,100-200K VNĐ,3
185000,66,Bìa Mềm,100-200K VNĐ,3
185000,9,Bìa Mềm,100-200K VNĐ,3
185000,384,Bìa Mềm,100-200K VNĐ,3
185000,91,Bìa Mềm,100-200K VNĐ,3
182000,826,Bìa Mềm,100-200K VNĐ,3
180000,14,Bìa Mềm,100-200K VNĐ,3
180000,0,Bìa Mềm,100-200K VNĐ,3
180000,0,Bìa Mềm,100-200K VNĐ,3
180000,394,Bìa Mềm,100-200K VNĐ,3
180000,37,Bìa Mềm,100-200K VNĐ,3
180000,26,Bìa Cứng,100-200K VNĐ,3
180000,4,Bìa Mềm,100-200K VNĐ,3
180000,23,Bìa Mềm,100-200K VNĐ,3
180000,6,Bìa Mềm,100-200K VNĐ,3
180000,70,Bìa Mềm,100-200K VNĐ,3
180000,29,Bìa Mềm,100-200K VNĐ,3
180000,151,Bìa Mềm,100-200K VNĐ,3
180000,5,Bìa Mềm,100-200K VNĐ,3
180000,211,Bìa Mềm,100-200K VNĐ,3
179000,17,Bìa Mềm,100-200K VNĐ,3
179000,11,Bìa Mềm,100-200K VNĐ,3
179000,16,Bìa Mềm,100-200K VNĐ,3
179000,122,Bìa Cứng,100-200K VNĐ,3
179000,977,Bìa Mềm,100-200K VNĐ,3
179000,39,Bìa Mềm,100-200K VNĐ,3
179000,7,Bìa Mềm,100-200K VNĐ,3
179000,125,Bìa Mềm,100-200K VNĐ,3
179000,56,Bìa Mềm,100-200K VNĐ,3
179000,48,Bìa Mềm,100-200K VNĐ,3
179000,4,Bìa Mềm,100-200K VNĐ,3
179000,231,Bìa Mềm,100-200K VNĐ,3
179000,60,Bìa Mềm,100-200K VNĐ,3
179000,55,Bìa Mềm,100-200K VNĐ,3
179000,170,Bìa Mềm,100-200K VNĐ,3
179000,50,Bìa Mềm,100-200K VNĐ,3
179000,9,Bìa Mềm,100-200K VNĐ,3
179000,3,Bìa Cứng,100-200K VNĐ,3
179000,400,Bìa Mềm,100-200K VNĐ,3
179000,277,Bìa Mềm,100-200K VNĐ,3
179000,158,Bìa Mềm,100-200K VNĐ,3
179000,11,Bìa Mềm,100-200K VNĐ,3
179000,111,Bìa Mềm,100-200K VNĐ,3
179000,17,Bìa Mềm,100-200K VNĐ,3
179000,14,Bìa Mềm,100-200K VNĐ,3
178000,47,Bìa Mềm,100-200K VNĐ,3
178000,178,Bìa Mềm,100-200K VNĐ,3
178000,1300,Bìa Mềm,100-200K VNĐ,3
178000,14,Bìa Mềm,100-200K VNĐ,3
178000,434,Bìa Mềm,100-200K VNĐ,3
178000,373,Bìa Mềm,100-200K VNĐ,3
178000,189,Bìa Mềm,100-200K VNĐ,3
178000,492,Bìa Mềm,100-200K VNĐ,3
175000,131,Bìa Mềm,100-200K VNĐ,3
175000,285,Bìa Mềm,100-200K VNĐ,3
175000,1600,Bìa Mềm,100-200K VNĐ,3
175000,389,Bìa Mềm,100-200K VNĐ,3
175000,41,Bìa Mềm,100-200K VNĐ,3
175000,34,Bìa Mềm,100-200K VNĐ,3
175000,74,Bộ Hộp,100-200K VNĐ,3
174000,187,Bìa Mềm,100-200K VNĐ,3
170000,71,Bìa Mềm,100-200K VNĐ,3
170000,73,Bìa Mềm,100-200K VNĐ,3
170000,5,Bìa Mềm,100-200K VNĐ,3
170000,12,Bìa Mềm,100-200K VNĐ,3
170000,15,Bìa Mềm,100-200K VNĐ,3
170000,497,Bìa Mềm,100-200K VNĐ,3
169000,4,Bìa Mềm,100-200K VNĐ,3
169000,215,Bìa Mềm,100-200K VNĐ,3
169000,225,Bìa Mềm,100-200K VNĐ,3
169000,605,Bìa Mềm,100-200K VNĐ,3
169000,274,Bìa Mềm,100-200K VNĐ,3
169000,505,Bìa Mềm,100-200K VNĐ,3
169000,7,Bìa Mềm,100-200K VNĐ,3
169000,180,Bìa Mềm,100-200K VNĐ,3
169000,8700,Bìa Mềm,100-200K VNĐ,3
169000,587,Bìa Mềm,100-200K VNĐ,3
169000,378,Bìa Mềm,100-200K VNĐ,3
169000,34,Bìa Mềm,100-200K VNĐ,3
169000,54,Bìa Mềm,100-200K VNĐ,3
169000,31,Bìa Mềm,100-200K VNĐ,3
169000,253,Bìa Mềm,100-200K VNĐ,3
169000,181,Bìa Mềm,100-200K VNĐ,3
169000,110,Bìa Mềm,100-200K VNĐ,3
169000,17,Bìa Mềm,100-200K VNĐ,3
169000,25,Bìa Mềm,100-200K VNĐ,3
169000,217,Bìa Mềm,100-200K VNĐ,3
169000,8,Bìa Mềm,100-200K VNĐ,3
169000,2,Bìa Mềm,100-200K VNĐ,3
169000,8,Bìa Mềm,100-200K VNĐ,3
169000,90,Bìa Mềm,100-200K VNĐ,3
168000,18,Bìa Mềm,100-200K VNĐ,3
168000,1200,Bìa Mềm,100-200K VNĐ,3
168000,67,Bìa Mềm,100-200K VNĐ,3
168000,655,Bìa Mềm,100-200K VNĐ,3
168000,10000,Bìa Mềm,100-200K VNĐ,3
168000,1100,Bìa Mềm,100-200K VNĐ,3
168000,849,Bìa Mềm,100-200K VNĐ,3
168000,19,Bìa Mềm,100-200K VNĐ,3
168000,2,Bìa Mềm,100-200K VNĐ,3
168000,192,Bìa Cứng,100-200K VNĐ,3
168000,4,Bìa Mềm,100-200K VNĐ,3
168000,1100,Bìa Mềm,100-200K VNĐ,3
168000,174,Bìa Cứng,100-200K VNĐ,3
168000,274,Bìa Mềm,100-200K VNĐ,3
168000,35,Bìa Mềm,100-200K VNĐ,3
168000,115,Bìa Mềm,100-200K VNĐ,3
168000,209,Bìa Mềm,100-200K VNĐ,3
168000,3,Bìa Mềm,100-200K VNĐ,3
168000,56,Bìa Mềm,100-200K VNĐ,3
168000,24,Bìa mềm,100-200K VNĐ,3
168000,15,Bìa Mềm,100-200K VNĐ,3
168000,11,Bìa Mềm,100-200K VNĐ,3
168000,507,Bìa Mềm,100-200K VNĐ,3
168000,13,Bìa Mềm,100-200K VNĐ,3
168000,15,Bìa Mềm,100-200K VNĐ,3
168000,25,Bìa Mềm,100-200K VNĐ,3
168000,23,Bìa Mềm,100-200K VNĐ,3
168000,576,Bìa Mềm,100-200K VNĐ,3
168000,8,Bìa Mềm,100-200K VNĐ,3
168000,139,Bìa Mềm,100-200K VNĐ,3
165000,106,Bìa Mềm,100-200K VNĐ,3
165000,165,Bìa Mềm,100-200K VNĐ,3
165000,2,Bìa Mềm,100-200K VNĐ,3
165000,19,Bìa Mềm,100-200K VNĐ,3
165000,1100,Bìa Mềm,100-200K VNĐ,3
165000,25,Bìa Mềm,100-200K VNĐ,3
165000,38,Bìa Mềm,100-200K VNĐ,3
165000,149,Bìa Mềm,100-200K VNĐ,3
165000,6300,Bìa Mềm,100-200K VNĐ,3
165000,35,Bìa Mềm,100-200K VNĐ,3
165000,137,Bìa Cứng,100-200K VNĐ,3
165000,1,Bìa Mềm,100-200K VNĐ,3
165000,183,Bìa Mềm,100-200K VNĐ,3
165000,56,Bìa Mềm,100-200K VNĐ,3
160000,23,Bìa Mềm,100-200K VNĐ,3
160000,1800,Bìa Mềm,100-200K VNĐ,3
160000,3,Bìa Mềm,100-200K VNĐ,3
160000,366,Bìa Mềm,100-200K VNĐ,3
160000,1400,Bìa Mềm,100-200K VNĐ,3
160000,2500,Bìa Mềm,100-200K VNĐ,3
160000,12,Bìa Mềm,100-200K VNĐ,3
160000,14,Bìa Mềm,100-200K VNĐ,3
160000,27,Bìa Mềm,100-200K VNĐ,3
160000,21,Bìa Mềm,100-200K VNĐ,3
160000,297,Bìa Cứng,100-200K VNĐ,3
159000,80,Bìa Mềm,100-200K VNĐ,3
159000,22,Bìa Mềm,100-200K VNĐ,3
159000,243,Bìa Mềm,100-200K VNĐ,3
159000,46,Bìa Mềm,100-200K VNĐ,3
159000,741,Bìa Mềm,100-200K VNĐ,3
159000,163,Bìa Mềm,100-200K VNĐ,3
159000,1900,Bìa Mềm,100-200K VNĐ,3
159000,1100,Bìa Mềm,100-200K VNĐ,3
159000,37,Bìa Mềm,100-200K VNĐ,3
159000,48,Bìa Mềm,100-200K VNĐ,3
159000,280,Bìa Mềm,100-200K VNĐ,3
159000,278,Bìa Mềm,100-200K VNĐ,3
159000,20,Bìa Mềm,100-200K VNĐ,3
159000,47,Bìa Mềm,100-200K VNĐ,3
159000,9,Bìa Mềm,100-200K VNĐ,3
159000,26,Bìa Mềm,100-200K VNĐ,3
159000,11,Bìa Mềm,100-200K VNĐ,3
159000,171,Bìa Mềm,100-200K VNĐ,3
159000,1000,Bìa Mềm,100-200K VNĐ,3
159000,265,Bìa Mềm,100-200K VNĐ,3
159000,5,Bìa Mềm,100-200K VNĐ,3
158000,7400,Bìa Mềm,100-200K VNĐ,3
158000,3,Bìa Mềm,100-200K VNĐ,3
158000,3200,Bìa Mềm,100-200K VNĐ,3
158000,9,Bìa Mềm,100-200K VNĐ,3
158000,795,Bìa Mềm,100-200K VNĐ,3
158000,1100,Bìa Mềm,100-200K VNĐ,3
158000,874,Bìa Mềm,100-200K VNĐ,3
158000,955,Bìa Mềm,100-200K VNĐ,3
158000,5,Bìa Mềm,100-200K VNĐ,3
158000,53,Bìa Mềm,100-200K VNĐ,3
158000,58,Bìa Mềm,100-200K VNĐ,3
158000,35,Bìa Mềm,100-200K VNĐ,3
157000,112,Bìa Mềm,100-200K VNĐ,3
156000,2900,Bìa Mềm,100-200K VNĐ,3
156000,7,Bìa Mềm,100-200K VNĐ,3
155000,55,Bìa Mềm,100-200K VNĐ,3
155000,13,Bìa Mềm,100-200K VNĐ,3
155000,405,Bìa Cứng,100-200K VNĐ,3
155000,0,Bìa Cứng,100-200K VNĐ,3
155000,27,Bìa Cứng,100-200K VNĐ,3
155000,87,Bìa Mềm,100-200K VNĐ,3
155000,991,Bìa Mềm,100-200K VNĐ,3
155000,134,Bìa Mềm,100-200K VNĐ,3
155000,16,Bìa Mềm,100-200K VNĐ,3
155000,25,Bìa Mềm,100-200K VNĐ,3
153000,18,Bìa Mềm,100-200K VNĐ,3
152000,344,Bìa Mềm,100-200K VNĐ,3
150000,246,Bìa Mềm,100-200K VNĐ,3
150000,225,Bìa Mềm,100-200K VNĐ,3
150000,27,Bìa Mềm,100-200K VNĐ,3
150000,2,Bìa Mềm,100-200K VNĐ,3
150000,88,Bìa Mềm,100-200K VNĐ,3
150000,154,Bìa Mềm,100-200K VNĐ,3
150000,133,Bìa Mềm,100-200K VNĐ,3
150000,24,Bìa Mềm,100-200K VNĐ,3
150000,16,Bìa Mềm,100-200K VNĐ,3
150000,408,Bìa Mềm,100-200K VNĐ,3
150000,1500,Bìa Mềm,100-200K VNĐ,3
150000,3,Bìa Mềm,100-200K VNĐ,3
150000,11,Bìa Mềm,100-200K VNĐ,3
150000,1,Bìa Mềm,100-200K VNĐ,3
150000,481,Bìa Cứng,100-200K VNĐ,3
150000,115,Bìa Mềm,100-200K VNĐ,3
150000,12,Bìa Mềm,100-200K VNĐ,3
150000,288,Bìa Mềm,100-200K VNĐ,3
149000,18,Bìa Mềm,100-200K VNĐ,3
149000,176,Bìa Mềm,100-200K VNĐ,3
149000,692,Bìa Mềm,100-200K VNĐ,3
149000,53,Bìa Mềm,100-200K VNĐ,3
149000,1,Bìa Mềm,100-200K VNĐ,3
149000,53,Bìa Mềm,100-200K VNĐ,3
149000,144,Bìa Mềm,100-200K VNĐ,3
149000,4,Bìa Mềm,100-200K VNĐ,3
149000,167,Bìa Mềm,100-200K VNĐ,3
149000,108,Bìa Mềm,100-200K VNĐ,3
149000,180,Bìa Mềm,100-200K VNĐ,3
149000,2,Bìa Mềm,100-200K VNĐ,3
149000,48,Bìa Mềm,100-200K VNĐ,3
149000,76,Bìa Mềm,100-200K VNĐ,3
149000,207,Bìa Mềm,100-200K VNĐ,3
149000,97,Bìa Mềm,100-200K VNĐ,3
149000,31,Bìa Mềm,100-200K VNĐ,3
148000,71,Bìa Mềm,100-200K VNĐ,3
148000,74,Bìa Mềm,100-200K VNĐ,3
148000,70,Bìa Mềm,100-200K VNĐ,3
148000,1200,Bìa Mềm,100-200K VNĐ,3
148000,358,Bìa Mềm,100-200K VNĐ,3
148000,10,Bìa Mềm,100-200K VNĐ,3
148000,385,Bìa Mềm,100-200K VNĐ,3
148000,24,Bìa Mềm,100-200K VNĐ,3
148000,754,Bìa Mềm,100-200K VNĐ,3
148000,37,Bìa Mềm,100-200K VNĐ,3
148000,119,Bìa Mềm,100-200K VNĐ,3
148000,14,Bìa Mềm,100-200K VNĐ,3
148000,1000,Bìa Mềm,100-200K VNĐ,3
148000,11,Bìa Mềm,100-200K VNĐ,3
148000,1400,Bìa Mềm,100-200K VNĐ,3
147000,263,Bìa Mềm,100-200K VNĐ,3
146000,11,Bìa Mềm,100-200K VNĐ,3
145000,7,Bìa Mềm,100-200K VNĐ,3
145000,11,Bìa Mềm,100-200K VNĐ,3
145000,716,Bìa Mềm,100-200K VNĐ,3
145000,640,Bìa Mềm,100-200K VNĐ,3
145000,320,Bìa Mềm,100-200K VNĐ,3
145000,59,Bìa Mềm,100-200K VNĐ,3
145000,2,Bìa Cứng,100-200K VNĐ,3
145000,97,Bìa Mềm,100-200K VNĐ,3
145000,11,Bìa Mềm,100-200K VNĐ,3
145000,16,Bìa Mềm,100-200K VNĐ,3
145000,2,Bìa Mềm,100-200K VNĐ,3
145000,19,Bìa Mềm,100-200K VNĐ,3
145000,4,Bìa Cứng,100-200K VNĐ,3
145000,17,Bìa Cứng,100-200K VNĐ,3
145000,148,Bìa Mềm,100-200K VNĐ,3
145000,11,Bìa Mềm,100-200K VNĐ,3
145000,124,Bìa Mềm,100-200K VNĐ,3
144000,1200,Bìa Mềm,100-200K VNĐ,3
143000,64,Bìa Mềm,100-200K VNĐ,3
140000,6,Bìa Mềm,100-200K VNĐ,3
140000,10000,Bìa Mềm,100-200K VNĐ,3
140000,66,Bìa Mềm,100-200K VNĐ,3
140000,4,Bìa Mềm,100-200K VNĐ,3
140000,179,Bìa Mềm,100-200K VNĐ,3
140000,2900,Bìa Mềm,100-200K VNĐ,3
140000,4,Bìa Cứng,100-200K VNĐ,3
140000,236,Bìa Mềm,100-200K VNĐ,3
140000,139,Bìa Mềm,100-200K VNĐ,3
139000,12,Bìa Mềm,100-200K VNĐ,3
139000,58,Bìa Mềm,100-200K VNĐ,3
139000,42,Bìa Mềm,100-200K VNĐ,3
139000,50,Bìa Mềm,100-200K VNĐ,3
139000,356,Bìa Mềm,100-200K VNĐ,3
139000,52,Bìa Mềm,100-200K VNĐ,3
139000,31,Bìa Mềm,100-200K VNĐ,3
139000,87,Bìa Mềm,100-200K VNĐ,3
139000,75,Bìa Mềm,100-200K VNĐ,3
139000,508,Bìa Mềm,100-200K VNĐ,3
139000,9,Bìa Mềm,100-200K VNĐ,3
139000,6200,Bìa Mềm,100-200K VNĐ,3
139000,1800,Bìa Mềm,100-200K VNĐ,3
139000,976,Bìa Mềm,100-200K VNĐ,3
139000,153,Bìa Mềm,100-200K VNĐ,3
139000,69,Bìa Mềm,100-200K VNĐ,3
139000,8,Bìa Mềm,100-200K VNĐ,3
139000,4,Bìa Mềm,100-200K VNĐ,3
138000,222,Bìa Mềm,100-200K VNĐ,3
138000,357,Bìa Mềm,100-200K VNĐ,3
138000,45,Bìa Mềm,100-200K VNĐ,3
138000,99,Bìa Mềm,100-200K VNĐ,3
138000,79,Bìa Cứng,100-200K VNĐ,3
138000,5200,Bìa Mềm,100-200K VNĐ,3
138000,67,Bìa Mềm,100-200K VNĐ,3
138000,4900,Bìa Mềm,100-200K VNĐ,3
138000,429,Bìa Mềm,100-200K VNĐ,3
138000,4,Bìa Mềm,100-200K VNĐ,3
138000,2300,Bìa Mềm,100-200K VNĐ,3
136000,148,Bìa Mềm,100-200K VNĐ,3
136000,609,Bìa Mềm,100-200K VNĐ,3
135000,20,Bìa Mềm,100-200K VNĐ,3
135000,86,Bìa Mềm,100-200K VNĐ,3
135000,158,Bìa Mềm,100-200K VNĐ,3
135000,4,Bìa Mềm,100-200K VNĐ,3
135000,97,Bìa Mềm,100-200K VNĐ,3
135000,170,Bìa Mềm,100-200K VNĐ,3
135000,425,Bìa Mềm,100-200K VNĐ,3
135000,12,Bìa Mềm,100-200K VNĐ,3
135000,567,Bìa Mềm,100-200K VNĐ,3
135000,4,Bìa Mềm,100-200K VNĐ,3
135000,38,Bìa Mềm,100-200K VNĐ,3
135000,841,Bìa Mềm,100-200K VNĐ,3
135000,22,Bìa Mềm,100-200K VNĐ,3
135000,890,Bìa Mềm,100-200K VNĐ,3
135000,4,Bìa Mềm,100-200K VNĐ,3
135000,11,Bìa Mềm,100-200K VNĐ,3
135000,2700,Bìa Mềm,100-200K VNĐ,3
135000,37,Bìa Mềm,100-200K VNĐ,3
132000,554,Bìa Mềm,100-200K VNĐ,3
132000,1,Bìa Mềm,100-200K VNĐ,3
132000,54,Bìa Mềm,100-200K VNĐ,3
131000,208,Bìa Mềm,100-200K VNĐ,3
130000,3,Bìa Mềm,100-200K VNĐ,3
130000,4,Bìa Mềm,100-200K VNĐ,3
130000,1900,Bìa Mềm,100-200K VNĐ,3
130000,11,Bìa Mềm,100-200K VNĐ,3
130000,36,Bìa Mềm,100-200K VNĐ,3
130000,28,Bìa Mềm,100-200K VNĐ,3
130000,186,Bìa Mềm,100-200K VNĐ,3
130000,327,Bìa Mềm,100-200K VNĐ,3
130000,129,Bìa Mềm,100-200K VNĐ,3
130000,2400,Bìa Mềm,100-200K VNĐ,3
130000,515,Bìa Mềm,100-200K VNĐ,3
130000,19,Bìa Mềm,100-200K VNĐ,3
130000,995,Bìa Mềm,100-200K VNĐ,3
130000,555,Bìa Mềm,100-200K VNĐ,3
130000,131,Bìa Mềm,100-200K VNĐ,3
130000,1100,Bìa Mềm,100-200K VNĐ,3
130000,27,Bìa Mềm,100-200K VNĐ,3
129000,8,Bìa Mềm,100-200K VNĐ,3
129000,284,Bìa Mềm,100-200K VNĐ,3
129000,23,Bìa Mềm,100-200K VNĐ,3
129000,25,Bìa Mềm,100-200K VNĐ,3
129000,17,Bìa Mềm,100-200K VNĐ,3
129000,7,Bìa Mềm,100-200K VNĐ,3
129000,670,Bìa Mềm,100-200K VNĐ,3
129000,385,Bìa Mềm,100-200K VNĐ,3
129000,757,Bìa Mềm,100-200K VNĐ,3
129000,8,Bìa Mềm,100-200K VNĐ,3
129000,655,Bìa Mềm,100-200K VNĐ,3
129000,24,Bìa Mềm,100-200K VNĐ,3
128000,20,Bìa Mềm,100-200K VNĐ,3
128000,57,Bìa Mềm,100-200K VNĐ,3
128000,1300,Bìa Mềm,100-200K VNĐ,3
128000,661,Bìa Mềm,100-200K VNĐ,3
128000,67,Bìa Mềm,100-200K VNĐ,3
128000,38,Bìa Mềm,100-200K VNĐ,3
128000,584,Bìa Mềm,100-200K VNĐ,3
128000,56,Bìa Mềm,100-200K VNĐ,3
128000,5,Bìa Mềm,100-200K VNĐ,3
128000,17,Bìa Mềm,100-200K VNĐ,3
128000,12,Bìa Mềm,100-200K VNĐ,3
128000,224,Bìa Mềm,100-200K VNĐ,3
128000,6,Bìa Mềm,100-200K VNĐ,3
128000,1100,Bìa Mềm,100-200K VNĐ,3
128000,1400,Bìa Mềm,100-200K VNĐ,3
128000,514,Bìa Mềm,100-200K VNĐ,3
126000,55,Bìa Mềm,100-200K VNĐ,3
125000,14,Bìa Mềm,100-200K VNĐ,3
125000,390,Bìa Mềm,100-200K VNĐ,3
125000,1000,Bìa Mềm,100-200K VNĐ,3
125000,6,Bìa Mềm,100-200K VNĐ,3
125000,2100,Bìa Cứng,100-200K VNĐ,3
125000,1300,Bìa Mềm,100-200K VNĐ,3
125000,31,Bìa Mềm,100-200K VNĐ,3
125000,1500,Bìa Mềm,100-200K VNĐ,3
125000,6,Bìa Mềm,100-200K VNĐ,3
125000,24,Bìa Mềm,100-200K VNĐ,3
125000,1,Bìa Cứng,100-200K VNĐ,3
125000,22,Bìa Mềm,100-200K VNĐ,3
125000,531,Bìa Mềm,100-200K VNĐ,3
125000,2,Bìa Mềm,100-200K VNĐ,3
125000,413,Bìa Mềm,100-200K VNĐ,3
125000,11,Bìa Mềm,100-200K VNĐ,3
124000,2500,Bìa Mềm,100-200K VNĐ,3
123000,306,Bìa Mềm,100-200K VNĐ,3
121000,136,Bìa Mềm,100-200K VNĐ,3
120000,83,Bìa Mềm,100-200K VNĐ,3
120000,2,Bìa Mềm,100-200K VNĐ,3
120000,12,Bìa Mềm,100-200K VNĐ,3
120000,6,Bìa Mềm,100-200K VNĐ,3
120000,38,Bìa Mềm,100-200K VNĐ,3
120000,18,Bìa Mềm,100-200K VNĐ,3
120000,27,Bìa Mềm,100-200K VNĐ,3
120000,1,Bìa Mềm,100-200K VNĐ,3
120000,8,Bìa Mềm,100-200K VNĐ,3
120000,13,Bìa Cứng,100-200K VNĐ,3
120000,642,Bìa Mềm,100-200K VNĐ,3
120000,78,Bìa Mềm,100-200K VNĐ,3
120000,24,Bìa Mềm,100-200K VNĐ,3
120000,217,Bìa Mềm,100-200K VNĐ,3
120000,37,Bìa Mềm,100-200K VNĐ,3
120000,43,Bìa Mềm,100-200K VNĐ,3
120000,1000,Bìa Mềm,100-200K VNĐ,3
120000,33,Bìa Mềm,100-200K VNĐ,3
120000,49,Bìa Mềm,100-200K VNĐ,3
120000,18,Bìa Mềm,100-200K VNĐ,3
120000,665,Bìa Mềm,100-200K VNĐ,3
120000,10,Bìa Mềm,100-200K VNĐ,3
119000,1300,Bìa Mềm,100-200K VNĐ,3
119000,51,Bìa Mềm,100-200K VNĐ,3
119000,38,Bìa Mềm,100-200K VNĐ,3
119000,70,Bìa Mềm,100-200K VNĐ,3
119000,18,Bìa Mềm,100-200K VNĐ,3
119000,7,Bìa Mềm,100-200K VNĐ,3
119000,8,Bìa Mềm,100-200K VNĐ,3
119000,23,Bìa Mềm,100-200K VNĐ,3
119000,27,Bìa Mềm,100-200K VNĐ,3
119000,36,Bìa Mềm,100-200K VNĐ,3
119000,6,Bìa Mềm,100-200K VNĐ,3
119000,13,Bìa Mềm,100-200K VNĐ,3
119000,211,Bìa Mềm,100-200K VNĐ,3
119000,26,Bìa Mềm,100-200K VNĐ,3
119000,8,Bìa Mềm,100-200K VNĐ,3
119000,57,Bìa Mềm,100-200K VNĐ,3
119000,161,Bìa Mềm,100-200K VNĐ,3
119000,780,Bìa Mềm,100-200K VNĐ,3
119000,315,Bìa Mềm,100-200K VNĐ,3
118000,83,Bìa Mềm,100-200K VNĐ,3
118000,110,Bìa Mềm,100-200K VNĐ,3
118000,721,Bìa Mềm,100-200K VNĐ,3
118000,29,Bìa Mềm,100-200K VNĐ,3
118000,7,Bìa Mềm,100-200K VNĐ,3
118000,189,Bìa Mềm,100-200K VNĐ,3
118000,9,Bìa Mềm,100-200K VNĐ,3
118000,10,Bìa Mềm,100-200K VNĐ,3
118000,45,Bìa Mềm,100-200K VNĐ,3
118000,13,Bìa Mềm,100-200K VNĐ,3
118000,46,Bìa Mềm,100-200K VNĐ,3
118000,89,Bìa Mềm,100-200K VNĐ,3
118000,111,Bìa Mềm,100-200K VNĐ,3
118000,23,Bìa Mềm,100-200K VNĐ,3
118000,4,Bìa Mềm,100-200K VNĐ,3
118000,19,Bìa Mềm,100-200K VNĐ,3
118000,28,Bìa Mềm,100-200K VNĐ,3
117000,8,Bìa Mềm,100-200K VNĐ,3
117000,8,Bìa Mềm,100-200K VNĐ,3
117000,4,Bìa Mềm,100-200K VNĐ,3
117000,7,Bìa Mềm,100-200K VNĐ,3
117000,5,Bìa Mềm,100-200K VNĐ,3
116000,566,Bìa Mềm,100-200K VNĐ,3
116000,31,Bìa Mềm,100-200K VNĐ,3
115000,49,Bìa Mềm,100-200K VNĐ,3
115000,14,Bìa Mềm,100-200K VNĐ,3
115000,82,Bìa Mềm,100-200K VNĐ,3
115000,0,Bìa Mềm,100-200K VNĐ,3
115000,63,Bìa Mềm,100-200K VNĐ,3
115000,89,Bìa Mềm,100-200K VNĐ,3
115000,0,Bìa Mềm,100-200K VNĐ,3
115000,43,Bìa Mềm,100-200K VNĐ,3
115000,132,Bìa Mềm,100-200K VNĐ,3
115000,148,Bìa Mềm,100-200K VNĐ,3
115000,102,Bìa Mềm,100-200K VNĐ,3
115000,1700,Bìa Mềm,100-200K VNĐ,3
115000,69,Bìa Mềm,100-200K VNĐ,3
115000,8,Bìa Mềm,100-200K VNĐ,3
115000,330,Bìa Mềm,100-200K VNĐ,3
115000,16,Bìa Mềm,100-200K VNĐ,3
114000,5,Bìa Mềm,100-200K VNĐ,3
112000,399,Bìa Cứng,100-200K VNĐ,3
110000,31,Bộ Hộp,100-200K VNĐ,3
110000,211,Bìa Mềm,100-200K VNĐ,3
110000,66,Bìa Mềm,100-200K VNĐ,3
110000,4,Bìa Mềm,100-200K VNĐ,3
110000,738,Bìa Mềm,100-200K VNĐ,3
110000,124,Bìa Mềm,100-200K VNĐ,3
110000,84,Bìa Mềm,100-200K VNĐ,3
110000,123,Bìa Mềm,100-200K VNĐ,3
110000,103,Bìa Mềm,100-200K VNĐ,3
110000,223,Bìa Mềm,100-200K VNĐ,3
110000,3300,Bìa Mềm,100-200K VNĐ,3
110000,246,Bìa Mềm,100-200K VNĐ,3
110000,388,Bìa Mềm,100-200K VNĐ,3
110000,11,Bìa Mềm,100-200K VNĐ,3
110000,7,Bìa Mềm,100-200K VNĐ,3
109000,9,Bìa Mềm,100-200K VNĐ,3
109000,427,Bìa Mềm,100-200K VNĐ,3
109000,685,Bìa Mềm,100-200K VNĐ,3
109000,500,Bìa Cứng,100-200K VNĐ,3
109000,17,Bìa Mềm,100-200K VNĐ,3
109000,392,Bìa Mềm,100-200K VNĐ,3
109000,438,Bìa Mềm,100-200K VNĐ,3
109000,117,Bìa Mềm,100-200K VNĐ,3
109000,37,Bìa Mềm,100-200K VNĐ,3
109000,257,Bìa Mềm,100-200K VNĐ,3
109000,249,Bìa Mềm,100-200K VNĐ,3
109000,194,Bìa Mềm,100-200K VNĐ,3
109000,663,Bìa Mềm,100-200K VNĐ,3
109000,107,Bìa Mềm,100-200K VNĐ,3
109000,6,Bìa Mềm,100-200K VNĐ,3
109000,76,Bìa Mềm,100-200K VNĐ,3
109000,377,Bìa Mềm,100-200K VNĐ,3
109000,12,Bìa Mềm,100-200K VNĐ,3
109000,101,Bìa Mềm,100-200K VNĐ,3
108000,27,Bìa Mềm,100-200K VNĐ,3
108000,75,Bìa Mềm,100-200K VNĐ,3
108000,5,Bìa Mềm,100-200K VNĐ,3
108000,140,Bìa Mềm,100-200K VNĐ,3
108000,763,Bìa Mềm,100-200K VNĐ,3
108000,102,Bìa Mềm,100-200K VNĐ,3
108000,384,Bìa Mềm,100-200K VNĐ,3
108000,118,Bìa Mềm,100-200K VNĐ,3
108000,30,Bìa Mềm,100-200K VNĐ,3
108000,307,Bìa Mềm,100-200K VNĐ,3
108000,597,Bìa Mềm,100-200K VNĐ,3
108000,2900,Bìa Mềm,100-200K VNĐ,3
108000,30,Bìa Mềm,100-200K VNĐ,3
107000,11,Bìa Mềm,100-200K VNĐ,3
105000,237,Bìa Mềm,100-200K VNĐ,3
105000,247,Bìa Mềm,100-200K VNĐ,3
105000,4,Bìa Mềm,100-200K VNĐ,3
105000,2,Bìa Mềm,100-200K VNĐ,3
105000,446,Bìa Mềm,100-200K VNĐ,3
105000,327,Bìa Mềm,100-200K VNĐ,3
105000,13,Bìa Mềm,100-200K VNĐ,3
105000,987,Bìa Mềm,100-200K VNĐ,3
105000,41,Bìa Mềm,100-200K VNĐ,3
105000,29,Bìa Mềm,100-200K VNĐ,3
105000,0,Bìa Mềm,100-200K VNĐ,3
105000,48,Bìa Mềm,100-200K VNĐ,3
102000,777,Bìa Mềm,100-200K VNĐ,3
102000,140,Bìa Mềm,100-200K VNĐ,3
100000,259,Bìa Mềm,50-100K VNĐ,2
100000,354,Bìa Mềm,50-100K VNĐ,2
100000,15,Bìa Mềm,50-100K VNĐ,2
100000,10,Bìa Mềm,50-100K VNĐ,2
100000,104,Bìa Mềm,50-100K VNĐ,2
100000,680,Bìa Mềm,50-100K VNĐ,2
100000,2,Bìa Mềm,50-100K VNĐ,2
100000,4,Bìa Mềm,50-100K VNĐ,2
100000,15,Bìa Mềm,50-100K VNĐ,2
100000,286,Bìa Mềm,50-100K VNĐ,2
100000,229,Bìa Mềm,50-100K VNĐ,2
100000,384,Bìa Mềm,50-100K VNĐ,2
100000,0,Bìa Cứng,50-100K VNĐ,2
100000,11,Bìa Mềm,50-100K VNĐ,2
100000,14,Bìa Mềm,50-100K VNĐ,2
100000,45,Bìa Mềm,50-100K VNĐ,2
99000,217,Bìa Mềm,50-100K VNĐ,2
99000,17,Bìa Mềm,50-100K VNĐ,2
99000,51,Bìa Mềm,50-100K VNĐ,2
99000,41,Bìa Mềm,50-100K VNĐ,2
99000,57,Bìa Cứng,50-100K VNĐ,2
99000,26,Bìa Mềm,50-100K VNĐ,2
99000,8,Bìa Mềm,50-100K VNĐ,2
99000,163,Bìa Mềm,50-100K VNĐ,2
99000,127,Bìa Mềm,50-100K VNĐ,2
99000,7,Bìa Mềm,50-100K VNĐ,2
99000,4,Bìa Mềm,50-100K VNĐ,2
99000,0,Bìa Mềm,50-100K VNĐ,2
99000,131,Bìa Mềm,50-100K VNĐ,2
99000,42,Bìa Mềm,50-100K VNĐ,2
99000,2400,Bìa Mềm,50-100K VNĐ,2
99000,207,Bìa Mềm,50-100K VNĐ,2
99000,3600,Bìa Mềm,50-100K VNĐ,2
99000,1700,Bìa Mềm,50-100K VNĐ,2
99000,871,Bìa Mềm,50-100K VNĐ,2
99000,98,Bìa Mềm,50-100K VNĐ,2
99000,37,Bìa Mềm,50-100K VNĐ,2
99000,33,Bìa Mềm,50-100K VNĐ,2
99000,165,Bìa Mềm,50-100K VNĐ,2
99000,205,Bìa Mềm,50-100K VNĐ,2
98000,2,Bìa Mềm,50-100K VNĐ,2
98000,4,Bìa Mềm,50-100K VNĐ,2
98000,21,Bìa Mềm,50-100K VNĐ,2
98000,16,Bìa Mềm,50-100K VNĐ,2
98000,22,Bìa Mềm,50-100K VNĐ,2
98000,82,Bìa Mềm,50-100K VNĐ,2
98000,4,Bìa Mềm,50-100K VNĐ,2
98000,59,Bìa Mềm,50-100K VNĐ,2
98000,32,Bìa Mềm,50-100K VNĐ,2
98000,2700,Bìa Mềm,50-100K VNĐ,2
98000,388,Bìa Mềm,50-100K VNĐ,2
98000,464,Bìa Mềm,50-100K VNĐ,2
98000,352,Bìa Mềm,50-100K VNĐ,2
98000,4,Bìa Mềm,50-100K VNĐ,2
98000,3,Bìa Mềm,50-100K VNĐ,2
98000,41,Bìa Mềm,50-100K VNĐ,2
98000,4,Bìa Mềm,50-100K VNĐ,2
98000,151,Bìa Mềm,50-100K VNĐ,2
98000,24,Bìa Mềm,50-100K VNĐ,2
98000,7,Bìa Mềm,50-100K VNĐ,2
98000,39,Bìa Mềm,50-100K VNĐ,2
98000,43,Bìa Mềm,50-100K VNĐ,2
98000,41,Bìa Mềm,50-100K VNĐ,2
98000,11,Bìa Mềm,50-100K VNĐ,2
98000,262,Bìa Mềm,50-100K VNĐ,2
98000,984,Bìa Mềm,50-100K VNĐ,2
98000,511,Bìa Mềm,50-100K VNĐ,2
97000,154,Bìa Mềm,50-100K VNĐ,2
96000,50,Bìa Mềm,50-100K VNĐ,2
96000,14,Bìa Mềm,50-100K VNĐ,2
96000,37,Bìa Mềm,50-100K VNĐ,2
96000,13,Bìa Mềm,50-100K VNĐ,2
96000,15,Bìa Mềm,50-100K VNĐ,2
96000,755,Bìa Mềm,50-100K VNĐ,2
95000,2,Bìa Mềm,50-100K VNĐ,2
95000,9,Bìa Mềm,50-100K VNĐ,2
95000,1100,Bìa Mềm,50-100K VNĐ,2
95000,13,Bìa Cứng,50-100K VNĐ,2
95000,24,Bìa Mềm,50-100K VNĐ,2
95000,48,Bìa Mềm,50-100K VNĐ,2
95000,8,Bìa Mềm,50-100K VNĐ,2
95000,15,Bìa Mềm,50-100K VNĐ,2
95000,92,Bìa Mềm,50-100K VNĐ,2
95000,3600,Bìa Mềm,50-100K VNĐ,2
95000,0,Bìa Mềm,50-100K VNĐ,2
95000,35,Bìa Mềm,50-100K VNĐ,2
95000,170,Bìa Mềm,50-100K VNĐ,2
95000,218,Bìa Mềm,50-100K VNĐ,2
95000,1600,Bìa Mềm,50-100K VNĐ,2
95000,258,Bìa Mềm,50-100K VNĐ,2
95000,937,Bìa Mềm,50-100K VNĐ,2
95000,8,Bìa Mềm,50-100K VNĐ,2
95000,18,Bìa Mềm,50-100K VNĐ,2
95000,196,Bìa Mềm,50-100K VNĐ,2
95000,157,Bìa Mềm,50-100K VNĐ,2
95000,14,Bìa Mềm,50-100K VNĐ,2
95000,204,Bìa Mềm,50-100K VNĐ,2
95000,49,Bìa Mềm,50-100K VNĐ,2
95000,164,Bìa Mềm,50-100K VNĐ,2
95000,5,Bìa Mềm,50-100K VNĐ,2
95000,54,Bìa Mềm,50-100K VNĐ,2
94000,237,Bìa Mềm,50-100K VNĐ,2
93000,252,Bìa Mềm,50-100K VNĐ,2
93000,16,Bìa Mềm,50-100K VNĐ,2
92000,210,Bìa Mềm,50-100K VNĐ,2
92000,29,Bìa Mềm,50-100K VNĐ,2
92000,2,Bìa Mềm,50-100K VNĐ,2
92000,81,Bìa Mềm,50-100K VNĐ,2
92000,61,Bìa Mềm,50-100K VNĐ,2
90000,215,Bìa Mềm,50-100K VNĐ,2
90000,294,Bìa Mềm,50-100K VNĐ,2
90000,31,Bìa Mềm,50-100K VNĐ,2
90000,111,Bìa Mềm,50-100K VNĐ,2
90000,7,Bìa Mềm,50-100K VNĐ,2
90000,296,Bìa Mềm,50-100K VNĐ,2
90000,463,Bìa Mềm,50-100K VNĐ,2
90000,27,Bìa Mềm,50-100K VNĐ,2
90000,16,Bìa Mềm,50-100K VNĐ,2
90000,30,Bìa Mềm,50-100K VNĐ,2
90000,56,Bìa Mềm,50-100K VNĐ,2
90000,33,Bìa Mềm,50-100K VNĐ,2
90000,0,Bìa Mềm,50-100K VNĐ,2
90000,36,Bìa Mềm,50-100K VNĐ,2
90000,210,Bìa Mềm,50-100K VNĐ,2
90000,6,Bìa Mềm,50-100K VNĐ,2
90000,5,Bìa Mềm,50-100K VNĐ,2
90000,20,Bìa Mềm,50-100K VNĐ,2
90000,33,Bìa Mềm,50-100K VNĐ,2
90000,591,Bìa Mềm,50-100K VNĐ,2
90000,319,Bìa Mềm,50-100K VNĐ,2
90000,4,Bìa Mềm,50-100K VNĐ,2
90000,669,Bìa Mềm,50-100K VNĐ,2
90000,364,Bìa Mềm,50-100K VNĐ,2
90000,293,Bìa Mềm,50-100K VNĐ,2
90000,349,Bìa Mềm,50-100K VNĐ,2
90000,7,Bìa Mềm,50-100K VNĐ,2
89000,824,Bìa Mềm,50-100K VNĐ,2
89000,2,Bìa Mềm,50-100K VNĐ,2
89000,8300,Bìa Mềm,50-100K VNĐ,2
89000,203,Bìa Mềm,50-100K VNĐ,2
89000,340,Bìa Mềm,50-100K VNĐ,2
89000,309,Bìa Mềm,50-100K VNĐ,2
89000,29,Bìa Mềm,50-100K VNĐ,2
89000,20,Bìa Mềm,50-100K VNĐ,2
89000,23,Bìa Mềm,50-100K VNĐ,2
89000,64,Bìa Mềm,50-100K VNĐ,2
89000,613,Bìa Mềm,50-100K VNĐ,2
89000,52,Bìa Mềm,50-100K VNĐ,2
89000,618,Bìa Mềm,50-100K VNĐ,2
89000,90,Bìa Mềm,50-100K VNĐ,2
89000,163,Bìa Mềm,50-100K VNĐ,2
89000,3,Bìa Mềm,50-100K VNĐ,2
89000,9,Bìa Mềm,50-100K VNĐ,2
89000,694,Bìa Mềm,50-100K VNĐ,2
88000,10,Bìa Mềm,50-100K VNĐ,2
88000,26,Bìa Mềm,50-100K VNĐ,2
88000,557,Bìa Mềm,50-100K VNĐ,2
88000,831,Bìa Mềm,50-100K VNĐ,2
88000,6100,Bìa Mềm,50-100K VNĐ,2
88000,19,Bìa Mềm,50-100K VNĐ,2
88000,6,Bìa Mềm,50-100K VNĐ,2
88000,316,Bìa Mềm,50-100K VNĐ,2
88000,35,Bìa Mềm,50-100K VNĐ,2
88000,22,Bìa Mềm,50-100K VNĐ,2
88000,19,Bìa Mềm,50-100K VNĐ,2
88000,1100,Bìa Mềm,50-100K VNĐ,2
88000,847,Bìa Mềm,50-100K VNĐ,2
88000,23,Bìa Mềm,50-100K VNĐ,2
88000,163,Bìa Mềm,50-100K VNĐ,2
88000,599,Bìa Mềm,50-100K VNĐ,2
88000,15,Bìa Mềm,50-100K VNĐ,2
88000,12,Bìa Mềm,50-100K VNĐ,2
88000,13,Bìa Mềm,50-100K VNĐ,2
88000,58,Bìa Mềm,50-100K VNĐ,2
88000,4,Bìa Mềm,50-100K VNĐ,2
88000,98,Bìa Mềm,50-100K VNĐ,2
88000,11,Bìa Mềm,50-100K VNĐ,2
88000,81,Bìa Mềm,50-100K VNĐ,2
88000,8,Bìa Mềm,50-100K VNĐ,2
88000,144,Bìa Mềm,50-100K VNĐ,2
87000,43,Bìa Mềm,50-100K VNĐ,2
87000,0,Bìa Mềm,50-100K VNĐ,2
86000,1400,Bìa Mềm,50-100K VNĐ,2
86000,59,Bìa Mềm,50-100K VNĐ,2
86000,11,Bìa Mềm,50-100K VNĐ,2
86000,273,Bìa Mềm,50-100K VNĐ,2
86000,4,Bìa Mềm,50-100K VNĐ,2
86000,38,Bìa Mềm,50-100K VNĐ,2
86000,0,Bìa Mềm,50-100K VNĐ,2
86000,27,Bìa Mềm,50-100K VNĐ,2
86000,165,Bìa Mềm,50-100K VNĐ,2
85000,61,Bìa Mềm,50-100K VNĐ,2
85000,79,Bìa Mềm,50-100K VNĐ,2
85000,8,Bìa Mềm,50-100K VNĐ,2
85000,4,Bìa Mềm,50-100K VNĐ,2
85000,624,Bìa Mềm,50-100K VNĐ,2
85000,62,Bìa Mềm,50-100K VNĐ,2
85000,0,Bìa Mềm,50-100K VNĐ,2
85000,30,Bìa Mềm,50-100K VNĐ,2
85000,16,Bìa Mềm,50-100K VNĐ,2
85000,0,Bìa Mềm,50-100K VNĐ,2
85000,179,Bìa Mềm,50-100K VNĐ,2
85000,773,Bìa Mềm,50-100K VNĐ,2
85000,14,Bìa Mềm,50-100K VNĐ,2
85000,19,Bìa Mềm,50-100K VNĐ,2
85000,2400,Bìa Mềm,50-100K VNĐ,2
85000,42,Bìa Mềm,50-100K VNĐ,2
85000,27,Bìa Mềm,50-100K VNĐ,2
85000,1,Bìa Mềm,50-100K VNĐ,2
85000,198,Bìa Mềm,50-100K VNĐ,2
82000,1200,Bìa Mềm,50-100K VNĐ,2
82000,1800,Bìa Mềm,50-100K VNĐ,2
81000,922,Bìa Mềm,50-100K VNĐ,2
80000,4,Bìa Mềm,50-100K VNĐ,2
80000,2300,Bìa Mềm,50-100K VNĐ,2
80000,186,Bìa Mềm,50-100K VNĐ,2
80000,108,Bìa Mềm,50-100K VNĐ,2
80000,285,Bìa Mềm,50-100K VNĐ,2
80000,5,Bìa Mềm,50-100K VNĐ,2
80000,2100,Bìa Mềm,50-100K VNĐ,2
80000,53,Bìa Mềm,50-100K VNĐ,2
80000,2,Bìa Mềm,50-100K VNĐ,2
80000,9,Bìa Mềm,50-100K VNĐ,2
80000,262,Bìa Mềm,50-100K VNĐ,2
80000,65,Bìa Mềm,50-100K VNĐ,2
80000,9,Bìa Mềm,50-100K VNĐ,2
80000,36,Bìa Mềm,50-100K VNĐ,2
80000,44,Bìa Mềm,50-100K VNĐ,2
79000,2400,Bìa Mềm,50-100K VNĐ,2
79000,4,Bìa Mềm,50-100K VNĐ,2
79000,103,Bìa Mềm,50-100K VNĐ,2
79000,29,Bìa Mềm,50-100K VNĐ,2
79000,546,Bìa Mềm,50-100K VNĐ,2
79000,617,Bìa Mềm,50-100K VNĐ,2
79000,12,Bìa Mềm,50-100K VNĐ,2
79000,16,Bìa Mềm,50-100K VNĐ,2
79000,3100,Bìa Mềm,50-100K VNĐ,2
79000,293,Bìa Mềm,50-100K VNĐ,2
78000,464,Bìa Mềm,50-100K VNĐ,2
78000,166,Bìa Mềm,50-100K VNĐ,2
78000,3,Bìa Mềm,50-100K VNĐ,2
78000,3,Bìa Mềm,50-100K VNĐ,2
78000,199,Bìa Mềm,50-100K VNĐ,2
78000,70,Bìa Mềm,50-100K VNĐ,2
78000,172,Bìa Mềm,50-100K VNĐ,2
78000,7,Bìa Mềm,50-100K VNĐ,2
78000,13,Bìa Mềm,50-100K VNĐ,2
78000,210,Bìa Mềm,50-100K VNĐ,2
78000,3,Bìa Mềm,50-100K VNĐ,2
78000,19,Bìa Mềm,50-100K VNĐ,2
78000,136,Bìa Mềm,50-100K VNĐ,2
78000,2,Bìa Mềm,50-100K VNĐ,2
77000,56,Bìa Mềm,50-100K VNĐ,2
76000,32,Bìa Mềm,50-100K VNĐ,2
76000,64,Bìa Mềm,50-100K VNĐ,2
76000,98,Bìa Mềm,50-100K VNĐ,2
76000,215,Bìa Mềm,50-100K VNĐ,2
75000,292,Bìa Mềm,50-100K VNĐ,2
75000,246,Bìa Mềm,50-100K VNĐ,2
75000,2,Bìa Mềm,50-100K VNĐ,2
75000,33,Bìa Mềm,50-100K VNĐ,2
75000,41,Bìa Mềm,50-100K VNĐ,2
75000,86,Bìa Mềm,50-100K VNĐ,2
75000,39,Bìa Mềm,50-100K VNĐ,2
75000,613,Bìa Mềm,50-100K VNĐ,2
75000,2,Bìa Mềm,50-100K VNĐ,2
75000,72,Bìa Mềm,50-100K VNĐ,2
75000,291,Bìa Mềm,50-100K VNĐ,2
75000,11,Bìa Mềm,50-100K VNĐ,2
75000,350,Bìa Mềm,50-100K VNĐ,2
75000,9,Bìa Mềm,50-100K VNĐ,2
75000,5,Bìa Mềm,50-100K VNĐ,2
75000,15,Bìa Mềm,50-100K VNĐ,2
75000,64,Bìa Mềm,50-100K VNĐ,2
75000,21,Bìa Mềm,50-100K VNĐ,2
75000,385,Bìa Mềm,50-100K VNĐ,2
75000,52,Bìa Mềm,50-100K VNĐ,2
75000,77,Bìa Mềm,50-100K VNĐ,2
75000,0,Bìa Mềm,50-100K VNĐ,2
75000,1700,Bìa Mềm,50-100K VNĐ,2
75000,382,Bìa Mềm,50-100K VNĐ,2
75000,64,Bìa Mềm,50-100K VNĐ,2
75000,4,Bìa Mềm,50-100K VNĐ,2
72000,749,Bìa Mềm,50-100K VNĐ,2
72000,73,Bìa Mềm,50-100K VNĐ,2
72000,20,Bìa Mềm,50-100K VNĐ,2
72000,68,Bìa Mềm,50-100K VNĐ,2
72000,10000,Bìa Mềm,50-100K VNĐ,2
72000,79,Bìa Mềm,50-100K VNĐ,2
72000,4,Bìa Mềm,50-100K VNĐ,2
70000,74,Bìa Mềm,50-100K VNĐ,2
70000,426,Bìa Mềm,50-100K VNĐ,2
70000,48,Bìa Mềm,50-100K VNĐ,2
70000,61,Bìa Mềm,50-100K VNĐ,2
70000,14,Bìa Mềm,50-100K VNĐ,2
70000,3,Bìa Mềm,50-100K VNĐ,2
70000,5,Bìa Mềm,50-100K VNĐ,2
70000,5,Bìa Mềm,50-100K VNĐ,2
70000,15,Bìa Mềm,50-100K VNĐ,2
70000,5,Bìa Mềm,50-100K VNĐ,2
70000,18,Bìa Mềm,50-100K VNĐ,2
69000,490,Bìa Mềm,50-100K VNĐ,2
69000,48,Bìa Mềm,50-100K VNĐ,2
69000,771,Bìa Mềm,50-100K VNĐ,2
69000,93,Bìa Mềm,50-100K VNĐ,2
69000,57,Bìa Mềm,50-100K VNĐ,2
68000,111,Bìa Mềm,50-100K VNĐ,2
68000,3,Bìa Mềm,50-100K VNĐ,2
68000,8,Bìa Mềm,50-100K VNĐ,2
68000,346,Bìa Mềm,50-100K VNĐ,2
68000,531,Bìa Mềm,50-100K VNĐ,2
68000,1600,Bìa Mềm,50-100K VNĐ,2
68000,633,Bìa Mềm,50-100K VNĐ,2
68000,1,Bìa Mềm,50-100K VNĐ,2
68000,815,Bìa Mềm,50-100K VNĐ,2
68000,398,Bìa Mềm,50-100K VNĐ,2
68000,10000,Bìa Mềm,50-100K VNĐ,2
68000,10,Bìa Mềm,50-100K VNĐ,2
68000,17,Bìa Mềm,50-100K VNĐ,2
68000,10,Bìa Mềm,50-100K VNĐ,2
67000,25,Bìa Mềm,50-100K VNĐ,2
66000,1,Bìa Mềm,50-100K VNĐ,2
65000,346,Bìa Mềm,50-100K VNĐ,2
65000,28,Bìa Mềm,50-100K VNĐ,2
65000,11,Bìa Mềm,50-100K VNĐ,2
65000,8,Bìa Mềm,50-100K VNĐ,2
65000,19,Bìa Mềm,50-100K VNĐ,2
65000,31,Bìa Mềm,50-100K VNĐ,2
65000,19,Bìa Mềm,50-100K VNĐ,2
65000,85,Bìa Mềm,50-100K VNĐ,2
65000,1100,Bìa Mềm,50-100K VNĐ,2
65000,80,Bìa Mềm,50-100K VNĐ,2
65000,3,Bìa Mềm,50-100K VNĐ,2
65000,5,Bìa Mềm,50-100K VNĐ,2
65000,5,Bìa Mềm,50-100K VNĐ,2
65000,50,Bìa Mềm,50-100K VNĐ,2
65000,170,Bìa Mềm,50-100K VNĐ,2
63000,30,Bìa Mềm,50-100K VNĐ,2
63000,100,Bìa Mềm,50-100K VNĐ,2
63000,0,Bìa Mềm,50-100K VNĐ,2
62000,118,Bìa Mềm,50-100K VNĐ,2
62000,28,Bìa Mềm,50-100K VNĐ,2
62000,116,Bìa Mềm,50-100K VNĐ,2
62000,85,Bìa Mềm,50-100K VNĐ,2
62000,265,Bìa Mềm,50-100K VNĐ,2
60000,58,Bìa Mềm,50-100K VNĐ,2
60000,175,Bìa Mềm,50-100K VNĐ,2
60000,9,Bìa Mềm,50-100K VNĐ,2
60000,24,Bìa Mềm,50-100K VNĐ,2
60000,13,Bìa Mềm,50-100K VNĐ,2
60000,189,Bìa Mềm,50-100K VNĐ,2
60000,5,Bìa Mềm,50-100K VNĐ,2
60000,27,Bìa Mềm,50-100K VNĐ,2
60000,6,Bìa Mềm,50-100K VNĐ,2
60000,192,Bìa Mềm,50-100K VNĐ,2
60000,466,Bìa Mềm,50-100K VNĐ,2
60000,21,Bìa Mềm,50-100K VNĐ,2
60000,367,Bìa Mềm,50-100K VNĐ,2
60000,236,Bìa Mềm,50-100K VNĐ,2
60000,90,Bìa Mềm,50-100K VNĐ,2
60000,389,Bìa Mềm,50-100K VNĐ,2
60000,17,Bìa Mềm,50-100K VNĐ,2
60000,106,Bìa Mềm,50-100K VNĐ,2
60000,396,Bìa Mềm,50-100K VNĐ,2
60000,19,Bìa Mềm,50-100K VNĐ,2
60000,957,Bìa Mềm,50-100K VNĐ,2
60000,65,Bìa Mềm,50-100K VNĐ,2
59000,0,Bìa Mềm,50-100K VNĐ,2
59000,48,Bìa Mềm,50-100K VNĐ,2
59000,139,Bìa Mềm,50-100K VNĐ,2
59000,1,Bìa Mềm,50-100K VNĐ,2
59000,1,Bìa Mềm,50-100K VNĐ,2
59000,35,Bìa Mềm,50-100K VNĐ,2
59000,18,Bìa Mềm,50-100K VNĐ,2
59000,1700,Bìa Mềm,50-100K VNĐ,2
59000,53,Bìa Mềm,50-100K VNĐ,2
59000,6,Bìa Mềm,50-100K VNĐ,2
58000,194,Bìa Mềm,50-100K VNĐ,2
58000,12,Bìa Mềm,50-100K VNĐ,2
58000,3,Bìa Mềm,50-100K VNĐ,2
58000,157,Bìa Mềm,50-100K VNĐ,2
58000,137,Bìa Mềm,50-100K VNĐ,2
58000,0,Bìa mềm,50-100K VNĐ,2
58000,11,Bìa Mềm,50-100K VNĐ,2
58000,14,Bìa Mềm,50-100K VNĐ,2
58000,99,Bìa Mềm,50-100K VNĐ,2
58000,1,Bìa Mềm,50-100K VNĐ,2
57000,6,Bìa Mềm,50-100K VNĐ,2
57000,17,Bìa Mềm,50-100K VNĐ,2
55000,1,Bìa Mềm,50-100K VNĐ,2
55000,15,Bìa Mềm,50-100K VNĐ,2
55000,13,Bìa Mềm,50-100K VNĐ,2
55000,74,Bìa Mềm,50-100K VNĐ,2
55000,69,Bìa Mềm,50-100K VNĐ,2
55000,29,Bìa Mềm,50-100K VNĐ,2
55000,217,Bìa Mềm,50-100K VNĐ,2
55000,141,Bìa Mềm,50-100K VNĐ,2
55000,470,Bìa Mềm,50-100K VNĐ,2
55000,3,Bìa Mềm,50-100K VNĐ,2
55000,4,Bìa Mềm,50-100K VNĐ,2
55000,459,Bìa Mềm,50-100K VNĐ,2
55000,29,Bìa Mềm,50-100K VNĐ,2
55000,3,Bìa Mềm,50-100K VNĐ,2
55000,7,Bìa Mềm,50-100K VNĐ,2
55000,21,Bìa Mềm,50-100K VNĐ,2
55000,140,Bìa Mềm,50-100K VNĐ,2
55000,865,Bìa Mềm,50-100K VNĐ,2
55000,33,Bìa Mềm,50-100K VNĐ,2
55000,15,Bìa Mềm,50-100K VNĐ,2
54000,30,Bìa Mềm,50-100K VNĐ,2
54000,12,Bìa Mềm,50-100K VNĐ,2
52000,580,Bìa Mềm,50-100K VNĐ,2
50000,52,Bìa Mềm,<50K VNĐ,1
50000,815,Bìa Mềm,<50K VNĐ,1
50000,51,Bìa Mềm,<50K VNĐ,1
50000,9,Bìa Mềm,<50K VNĐ,1
50000,169,Bìa Mềm,<50K VNĐ,1
50000,96,Bìa Mềm,<50K VNĐ,1
50000,61,Bìa Mềm,<50K VNĐ,1
50000,11,Bìa Mềm,<50K VNĐ,1
50000,38,Bìa Mềm,<50K VNĐ,1
50000,19,Bìa Mềm,<50K VNĐ,1
50000,2,Bìa Mềm,<50K VNĐ,1
50000,19,Bìa Mềm,<50K VNĐ,1
50000,448,Bìa Mềm,<50K VNĐ,1
50000,9,Bìa Mềm,<50K VNĐ,1
50000,504,Bìa Mềm,<50K VNĐ,1
50000,38,Bìa Mềm,<50K VNĐ,1
49000,0,Bìa Mềm,<50K VNĐ,1
48000,152,Bìa Mềm,<50K VNĐ,1
48000,1,Bìa Mềm,<50K VNĐ,1
48000,706,Bìa Mềm,<50K VNĐ,1
48000,5,Bìa Mềm,<50K VNĐ,1
48000,74,Bìa Mềm,<50K VNĐ,1
48000,964,Bìa Mềm,<50K VNĐ,1
48000,1800,Bìa Mềm,<50K VNĐ,1
48000,947,Bìa Mềm,<50K VNĐ,1
48000,2300,Bìa Mềm,<50K VNĐ,1
48000,353,Bìa Mềm,<50K VNĐ,1
48000,1,Bìa Mềm,<50K VNĐ,1
48000,378,Bìa Mềm,<50K VNĐ,1
47000,419,Bìa Mềm,<50K VNĐ,1
47000,891,Bìa Mềm,<50K VNĐ,1
47000,5,Bìa Mềm,<50K VNĐ,1
46000,257,Bìa Mềm,<50K VNĐ,1
45000,677,Bìa Mềm,<50K VNĐ,1
45000,1400,Bìa Mềm,<50K VNĐ,1
45000,120,Bìa Mềm,<50K VNĐ,1
45000,129,Bìa Mềm,<50K VNĐ,1
45000,1300,Bìa Mềm,<50K VNĐ,1
45000,706,Bìa Mềm,<50K VNĐ,1
45000,291,Bìa Mềm,<50K VNĐ,1
45000,104,Bìa Mềm,<50K VNĐ,1
45000,168,Bìa Mềm,<50K VNĐ,1
45000,440,Bìa Mềm,<50K VNĐ,1
45000,31,Bìa Mềm,<50K VNĐ,1
45000,49,Bìa Mềm,<50K VNĐ,1
45000,116,Bìa Mềm,<50K VNĐ,1
45000,329,Bìa Mềm,<50K VNĐ,1
44000,56,Bìa Mềm,<50K VNĐ,1
42500,0,Bìa Mềm,<50K VNĐ,1
42000,91,Bìa Mềm,<50K VNĐ,1
42000,4,Bìa Mềm,<50K VNĐ,1
42000,1400,Bìa Mềm,<50K VNĐ,1
42000,6,Bìa Mềm,<50K VNĐ,1
42000,4,Bìa Mềm,<50K VNĐ,1
42000,127,Bìa Mềm,<50K VNĐ,1
40000,361,Bìa Mềm,<50K VNĐ,1
40000,8,Bìa Mềm,<50K VNĐ,1
40000,9,Bìa Mềm,<50K VNĐ,1
40000,55,Bìa Mềm,<50K VNĐ,1
40000,258,Bìa Mềm,<50K VNĐ,1
40000,61,Bìa Mềm,<50K VNĐ,1
40000,161,Bìa Mềm,<50K VNĐ,1
40000,166,Bìa Mềm,<50K VNĐ,1
40000,166,Bìa Mềm,<50K VNĐ,1
40000,116,Bìa Mềm,<50K VNĐ,1
40000,221,Bìa Mềm,<50K VNĐ,1
40000,196,Bìa Mềm,<50K VNĐ,1
40000,1500,Bìa Mềm,<50K VNĐ,1
40000,10,Bìa Mềm,<50K VNĐ,1
40000,13,Bìa Mềm,<50K VNĐ,1
40000,20,Bìa Mềm,<50K VNĐ,1
40000,266,Bìa Mềm,<50K VNĐ,1
40000,5,Bìa Mềm,<50K VNĐ,1
40000,848,Bìa Mềm,<50K VNĐ,1
40000,98,Bìa Mềm,<50K VNĐ,1
40000,29,Bìa Mềm,<50K VNĐ,1
40000,72,Bìa Mềm,<50K VNĐ,1
40000,397,Bìa Mềm,<50K VNĐ,1
40000,16,Bìa Mềm,<50K VNĐ,1
40000,77,Bìa Mềm,<50K VNĐ,1
40000,23,Bìa Mềm,<50K VNĐ,1
40000,415,Bìa Mềm,<50K VNĐ,1
40000,31,Bìa Mềm,<50K VNĐ,1
40000,100,Bìa Mềm,<50K VNĐ,1
40000,89,Bìa Mềm,<50K VNĐ,1
40000,59,Bìa Mềm,<50K VNĐ,1
40000,423,Bìa Mềm,<50K VNĐ,1
40000,93,Bìa Mềm,<50K VNĐ,1
39000,46,Bìa Mềm,<50K VNĐ,1
39000,229,Bìa Mềm,<50K VNĐ,1
39000,1,Bìa Mềm,<50K VNĐ,1
39000,0,Bìa Mềm,<50K VNĐ,1
38000,65,Bìa Mềm,<50K VNĐ,1
38000,70,Bìa Mềm,<50K VNĐ,1
37000,59,Bìa Mềm,<50K VNĐ,1
37000,1,Bìa Mềm,<50K VNĐ,1
37000,57,Bìa Mềm,<50K VNĐ,1
37000,39,Bìa Mềm,<50K VNĐ,1
35000,514,Bìa Mềm,<50K VNĐ,1
35000,102,Bìa Mềm,<50K VNĐ,1
35000,22,Bìa Mềm,<50K VNĐ,1
35000,25,Bìa Mềm,<50K VNĐ,1
35000,473,Bìa Mềm,<50K VNĐ,1
35000,118,Bìa Mềm,<50K VNĐ,1
35000,209,Bìa Mềm,<50K VNĐ,1
35000,286,Bìa Mềm,<50K VNĐ,1
35000,41,Bìa Mềm,<50K VNĐ,1
35000,62,Bìa Mềm,<50K VNĐ,1
35000,48,Bìa Mềm,<50K VNĐ,1
35000,315,Bìa Mềm,<50K VNĐ,1
35000,42,Bìa Mềm,<50K VNĐ,1
35000,1300,Bìa Mềm,<50K VNĐ,1
35000,1200,Bìa Mềm,<50K VNĐ,1
35000,100,Bìa Mềm,<50K VNĐ,1
35000,162,Bìa Mềm,<50K VNĐ,1
35000,71,Bìa Mềm,<50K VNĐ,1
35000,82,Bìa Mềm,<50K VNĐ,1
35000,122,Bìa Mềm,<50K VNĐ,1
35000,2,Bìa Mềm,<50K VNĐ,1
35000,202,Bìa Mềm,<50K VNĐ,1
35000,836,Bìa Mềm,<50K VNĐ,1
35000,4,Bìa Mềm,<50K VNĐ,1
35000,1100,Bìa Mềm,<50K VNĐ,1
35000,97,Bìa Mềm,<50K VNĐ,1
35000,49,Bìa Mềm,<50K VNĐ,1
35000,22,Bìa Mềm,<50K VNĐ,1
33000,5,Bìa Mềm,<50K VNĐ,1
32000,1500,Bìa Mềm,<50K VNĐ,1
32000,60,Bìa Mềm,<50K VNĐ,1
32000,360,Bìa Mềm,<50K VNĐ,1
32000,20,Bìa Mềm,<50K VNĐ,1
32000,588,Bìa Mềm,<50K VNĐ,1
32000,204,Bìa Mềm,<50K VNĐ,1
32000,412,Bìa Mềm,<50K VNĐ,1
32000,584,Bìa Mềm,<50K VNĐ,1
31000,1200,Bìa Mềm,<50K VNĐ,1
31000,45,Bìa Mềm,<50K VNĐ,1
31000,48,Bìa Mềm,<50K VNĐ,1
30000,348,Bìa Mềm,<50K VNĐ,1
30000,58,Bìa Mềm,<50K VNĐ,1
30000,379,Bìa Mềm,<50K VNĐ,1
30000,286,Bìa Mềm,<50K VNĐ,1
30000,114,Bìa Mềm,<50K VNĐ,1
30000,235,Bìa Mềm,<50K VNĐ,1
30000,94,Bìa Mềm,<50K VNĐ,1
30000,203,Bìa Mềm,<50K VNĐ,1
30000,555,Bìa Mềm,<50K VNĐ,1
30000,298,Bìa Mềm,<50K VNĐ,1
30000,597,Bìa Mềm,<50K VNĐ,1
30000,284,Bìa Mềm,<50K VNĐ,1
30000,286,Bìa Mềm,<50K VNĐ,1
30000,794,Bìa Mềm,<50K VNĐ,1
30000,708,Bìa Mềm,<50K VNĐ,1
30000,696,Bìa Mềm,<50K VNĐ,1
30000,127,Bìa Mềm,<50K VNĐ,1
30000,219,Bìa Mềm,<50K VNĐ,1
28000,8,Bìa Mềm,<50K VNĐ,1
28000,1200,Bìa Mềm,<50K VNĐ,1
28000,438,Bìa Mềm,<50K VNĐ,1
25000,18,Bìa Mềm,<50K VNĐ,1
25000,3000,Bìa Mềm,<50K VNĐ,1
25000,68,Bìa Mềm,<50K VNĐ,1
25000,217,Bìa Mềm,<50K VNĐ,1
25000,661,Bìa Mềm,<50K VNĐ,1
25000,564,Bìa Mềm,<50K VNĐ,1
25000,1600,Bìa Mềm,<50K VNĐ,1
25000,165,Bìa Mềm,<50K VNĐ,1
25000,312,Bìa Mềm,<50K VNĐ,1
25000,544,Bìa Mềm,<50K VNĐ,1
25000,716,Bìa Mềm,<50K VNĐ,1
25000,837,Bìa Mềm,<50K VNĐ,1
25000,216,Bìa Mềm,<50K VNĐ,1
25000,1200,Bìa Mềm,<50K VNĐ,1
25000,15,Bìa Mềm,<50K VNĐ,1
25000,2600,Bìa Mềm,<50K VNĐ,1
25000,835,Bìa Mềm,<50K VNĐ,1
25000,1500,Bìa Mềm,<50K VNĐ,1
25000,28,Bìa Mềm,<50K VNĐ,1
25000,885,Bìa Mềm,<50K VNĐ,1
25000,2,Bìa Mềm,<50K VNĐ,1
25000,313,Bìa Mềm,<50K VNĐ,1
25000,145,Bìa Mềm,<50K VNĐ,1
24000,61,Bìa Mềm,<50K VNĐ,1
24000,13,Bìa Mềm,<50K VNĐ,1
24000,0,Bìa Mềm,<50K VNĐ,1
22000,4,Bìa Mềm,<50K VNĐ,1
20000,13,Bìa Mềm,<50K VNĐ,1
20000,12,Bìa Mềm,<50K VNĐ,1
20000,19,Bìa Mềm,<50K VNĐ,1
20000,10,Bìa Mềm,<50K VNĐ,1
20000,7,Bìa Mềm,<50K VNĐ,1
20000,22,Bìa Mềm,<50K VNĐ,1
20000,10,Bìa Mềm,<50K VNĐ,1
20000,12,Bìa Mềm,<50K VNĐ,1
20000,30,Bìa Mềm,<50K VNĐ,1
20000,29,Bìa Mềm,<50K VNĐ,1
20000,33,Bìa Mềm,<50K VNĐ,1
20000,16,Bìa Mềm,<50K VNĐ,1
20000,13,Bìa Mềm,<50K VNĐ,1
20000,10,Bìa Mềm,<50K VNĐ,1
20000,3,Bìa Mềm,<50K VNĐ,1
20000,6,Bìa Mềm,<50K VNĐ,1
20000,9,Bìa Mềm,<50K VNĐ,1
20000,10,Bìa Mềm,<50K VNĐ,1
20000,6,Bìa Mềm,<50K VNĐ,1
20000,8,Bìa Mềm,<50K VNĐ,1
20000,5,Bìa Mềm,<50K VNĐ,1
20000,20,Bìa Mềm,<50K VNĐ,1
20000,3,Bìa Mềm,<50K VNĐ,1
20000,6,Bìa Mềm,<50K VNĐ,1
20000,0,Bìa Mềm,<50K VNĐ,1
20000,1300,Bìa Mềm,<50K VNĐ,1
20000,215,Bìa Mềm,<50K VNĐ,1
20000,785,Bìa Mềm,<50K VNĐ,1
20000,789,Bìa Mềm,<50K VNĐ,1
20000,2800,Bìa Mềm,<50K VNĐ,1
20000,14,Bìa Mềm,<50K VNĐ,1
20000,205,Bìa Mềm,<50K VNĐ,1
20000,5,Bìa Mềm,<50K VNĐ,1
20000,3,Bìa Mềm,<50K VNĐ,1
18000,154,Bìa Mềm,<50K VNĐ,1
18000,16,Bìa Mềm,<50K VNĐ,1
18000,192,Bìa Mềm,<50K VNĐ,1
18000,1,Bìa Mềm,<50K VNĐ,1
16000,14,Bìa Mềm,<50K VNĐ,1
16000,3,Bìa Mềm,<50K VNĐ,1
16000,4,Bìa Mềm,<50K VNĐ,1
16000,4,Bìa Mềm,<50K VNĐ,1
16000,5,Bìa Mềm,<50K VNĐ,1
16000,3,Bìa Mềm,<50K VNĐ,1
16000,57,Bìa Mềm,<50K VNĐ,1
16000,217,Bìa Mềm,<50K VNĐ,1
15000,242,Bìa Mềm,<50K VNĐ,1
15000,715,Bìa Mềm,<50K VNĐ,1
15000,9,Bìa Mềm,<50K VNĐ,1
14000,195,Bìa Mềm,<50K VNĐ,1
12000,143,Bìa Mềm,<50K VNĐ,1
12000,169,Bìa Mềm,<50K VNĐ,1
12000,407,Bìa Mềm,<50K VNĐ,1
12000,979,Bìa Mềm,<50K VNĐ,1
12000,815,Bìa Mềm,<50K VNĐ,1
10000,164,Bìa Mềm,<50K VNĐ,1
10000,570,Bìa Mềm,<50K VNĐ,1
8000,113,Bìa Mềm,<50K VNĐ,1
7000,1100,Bìa Mềm,<50K VNĐ,1
7000,1600,Bìa Mềm,<50K VNĐ,1
5000,429,Bìa Mềm,<50K VNĐ,1
5000,81,Bìa Mềm,<50K VNĐ,1
5000,717,Bìa Mềm,<50K VNĐ,1
